,0
0,en
1,tr
2,en
3,pt
4,en
5,fr
6,en
7,es
8,und
9,es
10,pt
11,en
12,es
13,en
14,el
15,en
16,fr
17,sv
18,en
19,en
20,en
21,en
22,tl
23,en
24,en
25,en
26,en
27,sl
28,ja
29,en
30,tr
31,en
32,en
33,de
34,pl
35,en
36,fr
37,en
38,en
39,fr
40,en
41,hi
42,en
43,en
44,en
45,en
46,en
47,en
48,es
49,ja
50,en
51,en
52,en
53,en
54,en
55,und
56,en
57,en
58,en
59,en
60,en
61,hi
62,en
63,ja
64,en
65,en
66,es
67,es
68,en
69,fr
70,es
71,en
72,en
73,en
74,en
75,en
76,in
77,tr
78,en
79,en
80,en
81,en
82,en
83,pt
84,en
85,fr
86,en
87,en
88,en
89,en
90,en
91,en
92,en
93,en
94,pt
95,en
96,pt
97,en
98,es
99,pt
100,en
101,en
102,en
103,pl
104,da
105,en
106,en
107,tr
108,en
109,ja
110,pt
111,en
112,en
113,tr
114,ca
115,en
116,es
117,ja
118,tr
119,es
120,en
121,tr
122,en
123,en
124,en
125,en
126,in
127,tr
128,en
129,es
130,en
131,en
132,en
133,en
134,es
135,en
136,und
137,ko
138,tl
139,en
140,en
141,en
142,en
143,it
144,en
145,en
146,en
147,et
148,en
149,es
150,es
151,en
152,und
153,en
154,tr
155,en
156,en
157,en
158,pt
159,es
160,es
161,en
162,es
163,en
164,en
165,pt
166,es
167,it
168,en
169,fr
170,en
171,en
172,es
173,en
174,en
175,en
176,en
177,es
178,es
179,en
180,en
181,en
182,es
183,pt
184,tr
185,en
186,es
187,en
188,pt
189,fr
190,es
191,en
192,th
193,en
194,es
195,en
196,es
197,en
198,en
199,en
200,es
201,tr
202,es
203,en
204,es
205,en
206,en
207,en
208,hi
209,en
210,en
211,ca
212,pl
213,en
214,en
215,tr
216,fr
217,ko
218,pt
219,pt
220,en
221,und
222,pt
223,en
224,en
225,en
226,en
227,en
228,es
229,en
230,und
231,en
232,en
233,ja
234,en
235,en
236,tr
237,pt
238,en
239,ja
240,tr
241,en
242,en
243,en
244,en
245,en
246,en
247,es
248,pt
249,es
250,es
251,in
252,en
253,en
254,en
255,en
256,en
257,es
258,fr
259,fr
260,fr
261,en
262,en
263,it
264,en
265,en
266,en
267,nl
268,tr
269,en
270,vi
271,en
272,ja
273,tr
274,es
275,tr
276,fr
277,en
278,ca
279,en
280,es
281,nl
282,en
283,en
284,en
285,en
286,pt
287,en
288,en
289,en
290,en
291,es
292,en
293,pt
294,es
295,es
296,tr
297,en
298,en
299,fr
300,pt
301,en
302,en
303,pt
304,es
305,en
306,en
307,pt
308,ja
309,ko
310,pt
311,en
312,en
313,en
314,pt
315,en
316,pt
317,und
318,en
319,es
320,pl
321,es
322,fr
323,en
324,tr
325,en
326,en
327,en
328,en
329,es
330,fr
331,en
332,es
333,en
334,pt
335,pt
336,en
337,es
338,en
339,es
340,es
341,en
342,es
343,tr
344,en
345,en
346,pt
347,en
348,ko
349,und
350,en
351,en
352,pt
353,en
354,in
355,es
356,en
357,es
358,en
359,pl
360,en
361,et
362,fr
363,en
364,en
365,en
366,it
367,en
368,fr
369,es
370,en
371,en
372,fr
373,en
374,es
375,en
376,en
377,en
378,en
379,en
380,el
381,es
382,in
383,en
384,en
385,en
386,es
387,es
388,en
389,und
390,en
391,en
392,en
393,en
394,es
395,tr
396,es
397,tr
398,tr
399,en
400,pt
401,fr
402,en
403,en
404,pt
405,es
406,pt
407,pt
408,tr
409,en
410,fr
411,en
412,is
413,en
414,en
415,en
416,en
417,en
418,en
419,en
420,en
421,tr
422,en
423,pt
424,ca
425,en
426,pt
427,pt
428,en
429,en
430,en
431,en
432,en
433,pt
434,it
435,pt
436,en
437,ca
438,en
439,en
440,en
441,en
442,es
443,en
444,tr
445,tr
446,en
447,pl
448,en
449,en
450,en
451,en
452,en
453,es
454,ht
455,en
456,pl
457,es
458,es
459,und
460,en
461,pt
462,en
463,en
464,fr
465,en
466,en
467,en
468,en
469,es
470,es
471,tl
472,en
473,es
474,en
475,es
476,tr
477,en
478,en
479,es
480,es
481,en
482,es
483,es
484,tr
485,it
486,en
487,en
488,en
489,en
490,en
491,en
492,und
493,pt
494,pt
495,en
496,en
497,en
498,es
499,en
500,en
501,en
502,en
503,en
504,en
505,tr
506,tr
507,es
508,fr
509,ca
510,en
511,it
512,es
513,pt
514,en
515,en
516,es
517,en
518,en
519,it
520,en
521,es
522,pt
523,en
524,es
525,et
526,es
527,en
528,tr
529,pt
530,en
531,en
532,ja
533,es
534,es
535,en
536,it
537,en
538,en
539,pt
540,fr
541,en
542,es
543,en
544,pt
545,en
546,en
547,fr
548,und
549,en
550,fr
551,en
552,en
553,es
554,es
555,it
556,tr
557,en
558,en
559,en
560,en
561,en
562,en
563,pl
564,pl
565,zh
566,es
567,pt
568,en
569,es
570,en
571,en
572,en
573,pt
574,en
575,en
576,en
577,en
578,th
579,en
580,en
581,en
582,ja
583,pt
584,en
585,it
586,es
587,en
588,in
589,en
590,fr
591,en
592,en
593,en
594,fr
595,und
596,pt
597,und
598,en
599,en
600,en
601,en
602,en
603,en
604,fr
605,es
606,en
607,in
608,en
609,tr
610,fr
611,en
612,es
613,en
614,ko
615,en
616,pt
617,en
618,en
619,en
620,en
621,en
622,bg
623,en
624,en
625,fr
626,en
627,en
628,und
629,pt
630,en
631,en
632,en
633,pl
634,en
635,en
636,ht
637,en
638,en
639,en
640,es
641,en
642,es
643,en
644,en
645,ja
646,tr
647,en
648,tr
649,fr
650,in
651,en
652,cs
653,und
654,in
655,en
656,es
657,es
658,es
659,pl
660,es
661,hi
662,es
663,en
664,en
665,en
666,en
667,pt
668,es
669,en
670,tr
671,en
672,fr
673,pt
674,ja
675,tr
676,und
677,es
678,en
679,pt
680,ja
681,en
682,en
683,en
684,es
685,en
686,tr
687,en
688,en
689,tr
690,pl
691,es
692,en
693,en
694,en
695,en
696,en
697,en
698,en
699,en
700,en
701,ja
702,en
703,en
704,en
705,ro
706,en
707,es
708,ja
709,es
710,es
711,pt
712,en
713,en
714,es
715,en
716,en
717,en
718,en
719,en
720,en
721,en
722,en
723,de
724,en
725,en
726,es
727,en
728,en
729,en
730,ja
731,it
732,tr
733,en
734,und
735,en
736,pt
737,en
738,en
739,fr
740,en
741,pt
742,en
743,und
744,en
745,en
746,tr
747,und
748,pl
749,en
750,ht
751,en
752,es
753,it
754,es
755,tr
756,en
757,und
758,en
759,en
760,es
761,en
762,en
763,en
764,en
765,en
766,en
767,en
768,en
769,en
770,en
771,en
772,und
773,en
774,es
775,en
776,und
777,en
778,tr
779,en
780,tr
781,fr
782,en
783,en
784,ca
785,en
786,de
787,en
788,en
789,en
790,tr
791,pt
792,tr
793,en
794,es
795,en
796,ja
797,en
798,ja
799,it
800,en
801,en
802,es
803,da
804,pl
805,und
806,tr
807,pl
808,es
809,en
810,en
811,en
812,ja
813,pl
814,es
815,th
816,es
817,en
818,es
819,es
820,en
821,ja
822,pl
823,en
824,fr
825,en
826,pt
827,en
828,en
829,pt
830,en
831,en
832,es
833,ja
834,in
835,en
836,en
837,en
838,en
839,en
840,en
841,pt
842,en
843,sr
844,es
845,en
846,pt
847,es
848,es
849,es
850,en
851,en
852,en
853,en
854,es
855,en
856,en
857,en
858,en
859,fr
860,es
861,es
862,en
863,en
864,en
865,en
866,es
867,tr
868,en
869,en
870,und
871,en
872,tr
873,en
874,es
875,es
876,en
877,it
878,ru
879,en
880,tr
881,tr
882,en
883,pt
884,en
885,en
886,en
887,en
888,en
889,en
890,en
891,pt
892,pt
893,es
894,und
895,en
896,en
897,en
898,en
899,en
900,en
901,nl
902,und
903,en
904,en
905,en
906,fr
907,en
908,en
909,en
910,en
911,es
912,en
913,en
914,es
915,en
916,pt
917,en
918,fr
919,en
920,en
921,en
922,en
923,en
924,en
925,en
926,en
927,ja
928,en
929,in
930,es
931,en
932,en
933,en
934,ja
935,en
936,tr
937,es
938,en
939,en
940,en
941,en
942,es
943,es
944,en
945,en
946,pt
947,und
948,en
949,en
950,es
951,en
952,en
953,en
954,en
955,fr
956,en
957,en
958,fr
959,en
960,en
961,en
962,en
963,en
964,en
965,en
966,en
967,pt
968,ja
969,tr
970,en
971,en
972,en
973,tr
974,en
975,en
976,th
977,pt
978,en
979,it
980,pt
981,es
982,es
983,en
984,es
985,en
986,pt
987,en
988,en
989,en
990,en
991,en
992,tl
993,es
994,en
995,ja
996,en
997,es
998,es
999,es
1000,en
1001,en
1002,en
1003,en
1004,en
1005,en
1006,en
1007,it
1008,es
1009,en
1010,en
1011,en
1012,en
1013,tl
1014,und
1015,en
1016,en
1017,en
1018,en
1019,en
1020,en
1021,no
1022,en
1023,fr
1024,en
1025,en
1026,es
1027,ko
1028,es
1029,fr
1030,en
1031,tr
1032,en
1033,es
1034,en
1035,es
1036,en
1037,en
1038,en
1039,en
1040,fr
1041,tl
1042,tr
1043,en
1044,en
1045,in
1046,en
1047,tr
1048,und
1049,en
1050,en
1051,en
1052,en
1053,und
1054,en
1055,nl
1056,ja
1057,en
1058,en
1059,en
1060,tr
1061,en
1062,en
1063,en
1064,en
1065,it
1066,en
1067,en
1068,en
1069,en
1070,es
1071,es
1072,en
1073,tr
1074,es
1075,en
1076,en
1077,en
1078,en
1079,en
1080,en
1081,pt
1082,und
1083,en
1084,pt
1085,en
1086,en
1087,ko
1088,en
1089,en
1090,en
1091,en
1092,es
1093,en
1094,es
1095,en
1096,pt
1097,et
1098,es
1099,en
1100,en
1101,en
1102,en
1103,tr
1104,pt
1105,tr
1106,en
1107,en
1108,en
1109,en
1110,und
1111,en
1112,es
1113,en
1114,pl
1115,en
1116,en
1117,en
1118,en
1119,en
1120,und
1121,en
1122,it
1123,en
1124,en
1125,en
1126,ca
1127,en
1128,en
1129,es
1130,pt
1131,ht
1132,es
1133,es
1134,en
1135,en
1136,ja
1137,en
1138,es
1139,en
1140,en
1141,en
1142,en
1143,it
1144,en
1145,en
1146,en
1147,en
1148,es
1149,tl
1150,en
1151,pt
1152,und
1153,en
1154,en
1155,en
1156,es
1157,en
1158,en
1159,en
1160,en
1161,en
1162,en
1163,en
1164,tr
1165,en
1166,en
1167,und
1168,es
1169,en
1170,en
1171,en
1172,en
1173,th
1174,es
1175,en
1176,en
1177,tr
1178,en
1179,en
1180,en
1181,es
1182,pl
1183,en
1184,tr
1185,pt
1186,pl
1187,fr
1188,en
1189,en
1190,en
1191,es
1192,es
1193,en
1194,en
1195,und
1196,en
1197,es
1198,pt
1199,en
1200,en
1201,en
1202,en
1203,en
1204,en
1205,es
1206,en
1207,it
1208,in
1209,en
1210,en
1211,en
1212,en
1213,en
1214,fr
1215,tr
1216,es
1217,it
1218,en
1219,en
1220,en
1221,en
1222,pt
1223,fr
1224,en
1225,es
1226,en
1227,en
1228,en
1229,en
1230,it
1231,en
1232,en
1233,es
1234,en
1235,en
1236,it
1237,fr
1238,en
1239,en
1240,ca
1241,und
1242,en
1243,fr
1244,en
1245,pt
1246,it
1247,es
1248,ko
1249,en
1250,en
1251,en
1252,en
1253,en
1254,ja
1255,es
1256,pt
1257,en
1258,en
1259,pt
1260,en
1261,en
1262,en
1263,es
1264,und
1265,es
1266,es
1267,es
1268,en
1269,de
1270,en
1271,en
1272,ja
1273,pt
1274,und
1275,pt
1276,it
1277,en
1278,tr
1279,pt
1280,pt
1281,es
1282,en
1283,es
1284,fr
1285,pt
1286,es
1287,fr
1288,en
1289,en
1290,en
1291,en
1292,en
1293,pt
1294,en
1295,en
1296,in
1297,en
1298,en
1299,es
1300,ja
1301,en
1302,es
1303,en
1304,in
1305,en
1306,en
1307,es
1308,pl
1309,pt
1310,en
1311,en
1312,en
1313,ja
1314,en
1315,en
1316,in
1317,fr
1318,en
1319,es
1320,en
1321,en
1322,es
1323,pt
1324,en
1325,und
1326,en
1327,und
1328,pt
1329,en
1330,en
1331,pt
1332,tr
1333,en
1334,en
1335,en
1336,en
1337,und
1338,pt
1339,tr
1340,tr
1341,es
1342,en
1343,es
1344,tr
1345,en
1346,pt
1347,en
1348,en
1349,ja
1350,es
1351,en
1352,tr
1353,en
1354,pt
1355,en
1356,sl
1357,en
1358,pt
1359,en
1360,en
1361,en
1362,pt
1363,es
1364,en
1365,en
1366,ru
1367,ca
1368,en
1369,es
1370,pt
1371,fr
1372,ko
1373,en
1374,en
1375,en
1376,en
1377,ca
1378,en
1379,es
1380,tr
1381,en
1382,tr
1383,en
1384,pt
1385,en
1386,es
1387,en
1388,en
1389,en
1390,es
1391,pl
1392,ja
1393,cs
1394,en
1395,en
1396,tr
1397,en
1398,pt
1399,es
1400,en
1401,en
1402,in
1403,en
1404,en
1405,en
1406,en
1407,en
1408,en
1409,en
1410,da
1411,tr
1412,en
1413,und
1414,en
1415,en
1416,es
1417,fr
1418,en
1419,tl
1420,en
1421,es
1422,pl
1423,pt
1424,en
1425,en
1426,en
1427,en
1428,es
1429,en
1430,en
1431,und
1432,en
1433,en
1434,en
1435,en
1436,en
1437,en
1438,fr
1439,en
1440,tr
1441,en
1442,fr
1443,en
1444,en
1445,en
1446,en
1447,pt
1448,en
1449,pt
1450,hi
1451,tr
1452,en
1453,en
1454,en
1455,ja
1456,fr
1457,en
1458,en
1459,fr
1460,en
1461,en
1462,pt
1463,und
1464,en
1465,en
1466,en
1467,en
1468,en
1469,en
1470,und
1471,es
1472,en
1473,en
1474,tr
1475,fr
1476,en
1477,en
1478,it
1479,tr
1480,en
1481,es
1482,it
1483,en
1484,en
1485,en
1486,en
1487,it
1488,es
1489,de
1490,tr
1491,en
1492,en
1493,en
1494,en
1495,en
1496,und
1497,en
1498,tl
1499,pt
1500,en
1501,pt
1502,pl
1503,pl
1504,ja
1505,en
1506,pt
1507,en
1508,en
1509,en
1510,en
1511,en
1512,tr
1513,en
1514,tr
1515,es
1516,en
1517,en
1518,pt
1519,en
1520,en
1521,es
1522,en
1523,en
1524,es
1525,en
1526,tr
1527,pt
1528,en
1529,en
1530,en
1531,tr
1532,en
1533,es
1534,es
1535,en
1536,fr
1537,es
1538,en
1539,en
1540,en
1541,pt
1542,in
1543,es
1544,tr
1545,fr
1546,en
1547,en
1548,en
1549,en
1550,en
1551,sv
1552,en
1553,en
1554,en
1555,it
1556,en
1557,es
1558,en
1559,es
1560,en
1561,hi
1562,tr
1563,fr
1564,es
1565,en
1566,en
1567,en
1568,und
1569,en
1570,en
1571,pt
1572,es
1573,pt
1574,en
1575,fr
1576,pt
1577,fr
1578,es
1579,fr
1580,und
1581,ca
1582,en
1583,en
1584,en
1585,pt
1586,pl
1587,es
1588,en
1589,en
1590,pt
1591,en
1592,es
1593,und
1594,en
1595,en
1596,tl
1597,en
1598,en
1599,es
1600,en
1601,und
1602,en
1603,en
1604,tl
1605,es
1606,und
1607,en
1608,tr
1609,tr
1610,en
1611,en
1612,en
1613,tr
1614,en
1615,tr
1616,ja
1617,und
1618,en
1619,en
1620,es
1621,in
1622,en
1623,ja
1624,en
1625,es
1626,en
1627,en
1628,en
1629,fr
1630,en
1631,fr
1632,ja
1633,en
1634,fr
1635,en
1636,en
1637,es
1638,es
1639,en
1640,es
1641,en
1642,en
1643,pt
1644,ja
1645,en
1646,pt
1647,ja
1648,en
1649,en
1650,en
1651,en
1652,en
1653,en
1654,en
1655,th
1656,fr
1657,ja
1658,fr
1659,tr
1660,en
1661,en
1662,fr
1663,en
1664,pt
1665,en
1666,ja
1667,en
1668,en
1669,en
1670,tl
1671,pl
1672,en
1673,en
1674,tl
1675,es
1676,en
1677,en
1678,es
1679,en
1680,en
1681,tr
1682,tr
1683,en
1684,pt
1685,en
1686,en
1687,es
1688,en
1689,es
1690,es
1691,tr
1692,pt
1693,in
1694,es
1695,pt
1696,en
1697,es
1698,en
1699,en
1700,en
1701,es
1702,pt
1703,pt
1704,en
1705,es
1706,pt
1707,und
1708,en
1709,th
1710,en
1711,en
1712,en
1713,en
1714,ko
1715,in
1716,tr
1717,es
1718,en
1719,es
1720,en
1721,es
1722,en
1723,en
1724,en
1725,pt
1726,en
1727,fr
1728,en
1729,tr
1730,ja
1731,en
1732,en
1733,en
1734,ca
1735,en
1736,pt
1737,en
1738,en
1739,pt
1740,und
1741,en
1742,tl
1743,en
1744,pt
1745,en
1746,en
1747,en
1748,und
1749,en
1750,en
1751,ko
1752,it
1753,en
1754,es
1755,en
1756,es
1757,en
1758,es
1759,it
1760,en
1761,en
1762,fr
1763,es
1764,en
1765,und
1766,en
1767,in
1768,en
1769,en
1770,en
1771,pt
1772,es
1773,en
1774,es
1775,en
1776,en
1777,fr
1778,en
1779,en
1780,en
1781,de
1782,es
1783,pt
1784,en
1785,en
1786,en
1787,es
1788,en
1789,fr
1790,en
1791,tr
1792,en
1793,en
1794,es
1795,en
1796,en
1797,en
1798,pt
1799,en
1800,en
1801,en
1802,es
1803,tr
1804,pt
1805,en
1806,en
1807,es
1808,und
1809,en
1810,es
1811,en
1812,en
1813,en
1814,en
1815,no
1816,en
1817,en
1818,en
1819,es
1820,en
1821,en
1822,en
1823,ja
1824,es
1825,tr
1826,en
1827,en
1828,pt
1829,es
1830,es
1831,es
1832,es
1833,tr
1834,en
1835,en
1836,tr
1837,en
1838,fr
1839,en
1840,es
1841,en
1842,en
1843,es
1844,en
1845,en
1846,en
1847,en
1848,ta
1849,es
1850,ja
1851,es
1852,fr
1853,en
1854,en
1855,ca
1856,en
1857,en
1858,en
1859,en
1860,it
1861,pl
1862,en
1863,en
1864,es
1865,en
1866,en
1867,en
1868,en
1869,en
1870,en
1871,en
1872,en
1873,en
1874,pt
1875,en
1876,en
1877,und
1878,es
1879,es
1880,en
1881,en
1882,en
1883,es
1884,und
1885,en
1886,en
1887,fr
1888,pl
1889,en
1890,en
1891,en
1892,sv
1893,pt
1894,es
1895,en
1896,en
1897,fr
1898,en
1899,en
1900,fr
1901,en
1902,tl
1903,tr
1904,en
1905,en
1906,pt
1907,en
1908,en
1909,en
1910,en
1911,en
1912,en
1913,en
1914,pt
1915,en
1916,en
1917,en
1918,en
1919,ca
1920,en
1921,en
1922,en
1923,en
1924,und
1925,es
1926,en
1927,en
1928,pt
1929,en
1930,en
1931,en
1932,en
1933,es
1934,en
1935,en
1936,en
1937,en
1938,en
1939,en
1940,en
1941,fr
1942,es
1943,pl
1944,en
1945,en
1946,en
1947,en
1948,es
1949,en
1950,tr
1951,pl
1952,es
1953,en
1954,tr
1955,en
1956,und
1957,en
1958,en
1959,en
1960,en
1961,es
1962,en
1963,en
1964,en
1965,en
1966,en
1967,it
1968,en
1969,en
1970,tl
1971,en
1972,en
1973,en
1974,tr
1975,en
1976,en
1977,en
1978,en
1979,tr
1980,en
1981,en
1982,en
1983,pl
1984,en
1985,es
1986,es
1987,en
1988,es
1989,tr
1990,en
1991,es
1992,en
1993,en
1994,en
1995,en
1996,pt
1997,pt
1998,zh
1999,en
2000,en
2001,en
2002,pl
2003,en
2004,es
2005,en
2006,fr
2007,pt
2008,it
2009,en
2010,pt
2011,en
2012,pt
2013,ja
2014,en
2015,en
2016,es
2017,tr
2018,en
2019,en
2020,en
2021,tl
2022,en
2023,pt
2024,pt
2025,en
2026,en
2027,en
2028,und
2029,ko
2030,pt
2031,en
2032,en
2033,en
2034,es
2035,pt
2036,tl
2037,en
2038,pt
2039,en
2040,en
2041,en
2042,tr
2043,en
2044,es
2045,en
2046,pt
2047,en
2048,hi
2049,fr
2050,en
2051,tr
2052,tr
2053,pt
2054,en
2055,pl
2056,en
2057,ja
2058,en
2059,en
2060,in
2061,en
2062,en
2063,en
2064,ko
2065,en
2066,en
2067,pl
2068,en
2069,tr
2070,en
2071,es
2072,en
2073,en
2074,tl
2075,es
2076,tr
2077,en
2078,en
2079,tl
2080,en
2081,en
2082,pt
2083,en
2084,en
2085,und
2086,tr
2087,en
2088,pt
2089,en
2090,en
2091,en
2092,en
2093,pt
2094,en
2095,pt
2096,en
2097,tr
2098,en
2099,en
2100,en
2101,en
2102,en
2103,en
2104,en
2105,en
2106,tr
2107,fr
2108,ja
2109,en
2110,en
2111,es
2112,en
2113,tr
2114,en
2115,en
2116,en
2117,en
2118,it
2119,en
2120,en
2121,es
2122,es
2123,es
2124,en
2125,en
2126,ja
2127,en
2128,es
2129,en
2130,cy
2131,en
2132,in
2133,tr
2134,tr
2135,es
2136,en
2137,en
2138,en
2139,en
2140,es
2141,en
2142,und
2143,ja
2144,tr
2145,en
2146,tl
2147,en
2148,ja
2149,en
2150,en
2151,en
2152,en
2153,en
2154,en
2155,pt
2156,pt
2157,en
2158,it
2159,en
2160,ca
2161,en
2162,pt
2163,en
2164,en
2165,en
2166,en
2167,en
2168,en
2169,tr
2170,en
2171,en
2172,en
2173,en
2174,en
2175,pl
2176,en
2177,en
2178,tl
2179,en
2180,en
2181,en
2182,fr
2183,tr
2184,fr
2185,pt
2186,es
2187,en
2188,en
2189,en
2190,en
2191,en
2192,en
2193,en
2194,es
2195,en
2196,pl
2197,en
2198,tl
2199,es
2200,en
2201,pt
2202,en
2203,pl
2204,fr
2205,en
2206,in
2207,ru
2208,en
2209,pt
2210,en
2211,en
2212,ja
2213,en
2214,en
2215,en
2216,pt
2217,pl
2218,pt
2219,it
2220,fr
2221,en
2222,en
2223,en
2224,en
2225,en
2226,en
2227,pt
2228,en
2229,en
2230,it
2231,en
2232,es
2233,en
2234,en
2235,en
2236,en
2237,es
2238,tl
2239,en
2240,pt
2241,in
2242,en
2243,en
2244,en
2245,in
2246,en
2247,en
2248,en
2249,ca
2250,uk
2251,fr
2252,sl
2253,fr
2254,en
2255,und
2256,tr
2257,en
2258,en
2259,en
2260,en
2261,es
2262,en
2263,en
2264,en
2265,es
2266,en
2267,en
2268,en
2269,en
2270,pt
2271,en
2272,pt
2273,pt
2274,pt
2275,en
2276,pt
2277,en
2278,tr
2279,en
2280,en
2281,und
2282,en
2283,es
2284,en
2285,fr
2286,pt
2287,en
2288,it
2289,en
2290,en
2291,en
2292,tl
2293,en
2294,vi
2295,es
2296,en
2297,fr
2298,en
2299,en
2300,en
2301,en
2302,en
2303,en
2304,en
2305,it
2306,es
2307,en
2308,tr
2309,pl
2310,en
2311,en
2312,en
2313,en
2314,fr
2315,en
2316,pl
2317,en
2318,en
2319,es
2320,en
2321,en
2322,en
2323,ja
2324,en
2325,en
2326,en
2327,ja
2328,es
2329,en
2330,es
2331,en
2332,es
2333,en
2334,en
2335,en
2336,es
2337,en
2338,en
2339,ko
2340,en
2341,en
2342,en
2343,es
2344,sr
2345,en
2346,en
2347,en
2348,en
2349,en
2350,es
2351,pt
2352,tr
2353,pt
2354,pt
2355,pt
2356,es
2357,en
2358,en
2359,es
2360,en
2361,en
2362,tr
2363,en
2364,es
2365,en
2366,pt
2367,en
2368,it
2369,pl
2370,en
2371,en
2372,fr
2373,en
2374,pt
2375,en
2376,en
2377,pl
2378,es
2379,en
2380,en
2381,tr
2382,es
2383,en
2384,en
2385,ko
2386,en
2387,tr
2388,en
2389,en
2390,en
2391,en
2392,es
2393,en
2394,en
2395,en
2396,en
2397,in
2398,en
2399,tr
2400,und
2401,es
2402,en
2403,en
2404,en
2405,fr
2406,en
2407,en
2408,fr
2409,pt
2410,es
2411,en
2412,es
2413,en
2414,es
2415,pt
2416,en
2417,en
2418,en
2419,pt
2420,tr
2421,tr
2422,en
2423,en
2424,en
2425,en
2426,en
2427,en
2428,fr
2429,it
2430,en
2431,en
2432,en
2433,en
2434,en
2435,sv
2436,en
2437,pt
2438,en
2439,es
2440,en
2441,in
2442,und
2443,en
2444,en
2445,fr
2446,en
2447,en
2448,en
2449,en
2450,en
2451,en
2452,en
2453,es
2454,en
2455,en
2456,en
2457,fa
2458,fr
2459,pt
2460,en
2461,en
2462,en
2463,en
2464,en
2465,en
2466,es
2467,in
2468,en
2469,en
2470,es
2471,ja
2472,es
2473,en
2474,en
2475,und
2476,en
2477,es
2478,en
2479,en
2480,tr
2481,en
2482,en
2483,fr
2484,ca
2485,in
2486,tr
2487,fr
2488,en
2489,en
2490,en
2491,ja
2492,en
2493,en
2494,en
2495,pt
2496,en
2497,en
2498,en
2499,es
2500,en
2501,en
2502,en
2503,fr
2504,en
2505,en
2506,en
2507,en
2508,es
2509,und
2510,en
2511,en
2512,en
2513,en
2514,en
2515,en
2516,en
2517,es
2518,en
2519,es
2520,es
2521,en
2522,en
2523,en
2524,en
2525,en
2526,en
2527,en
2528,en
2529,en
2530,es
2531,en
2532,ja
2533,es
2534,tr
2535,ja
2536,en
2537,es
2538,en
2539,en
2540,es
2541,tr
2542,en
2543,en
2544,en
2545,en
2546,pt
2547,en
2548,en
2549,en
2550,pt
2551,es
2552,es
2553,en
2554,ca
2555,en
2556,en
2557,fr
2558,en
2559,en
2560,en
2561,es
2562,en
2563,en
2564,en
2565,en
2566,en
2567,en
2568,en
2569,es
2570,und
2571,es
2572,und
2573,en
2574,pt
2575,es
2576,en
2577,en
2578,en
2579,en
2580,ja
2581,en
2582,pt
2583,pt
2584,pt
2585,es
2586,en
2587,pt
2588,es
2589,en
2590,ja
2591,it
2592,en
2593,en
2594,pt
2595,en
2596,pt
2597,en
2598,in
2599,es
2600,en
2601,pt
2602,en
2603,en
2604,hi
2605,en
2606,en
2607,es
2608,en
2609,en
2610,en
2611,en
2612,en
2613,pt
2614,en
2615,en
2616,es
2617,pt
2618,es
2619,en
2620,fr
2621,pt
2622,en
2623,en
2624,es
2625,es
2626,ja
2627,tr
2628,en
2629,es
2630,ca
2631,en
2632,en
2633,pt
2634,pt
2635,en
2636,sl
2637,tl
2638,en
2639,pt
2640,es
2641,es
2642,es
2643,en
2644,en
2645,en
2646,en
2647,pt
2648,tr
2649,en
2650,en
2651,en
2652,en
2653,en
2654,pt
2655,pt
2656,en
2657,es
2658,en
2659,en
2660,en
2661,fr
2662,tr
2663,en
2664,en
2665,en
2666,en
2667,en
2668,en
2669,en
2670,en
2671,en
2672,en
2673,in
2674,en
2675,tr
2676,en
2677,pt
2678,und
2679,en
2680,pt
2681,it
2682,en
2683,en
2684,pt
2685,en
2686,it
2687,pt
2688,tr
2689,en
2690,en
2691,pt
2692,es
2693,ca
2694,pt
2695,ko
2696,en
2697,tl
2698,pt
2699,pt
2700,es
2701,en
2702,pl
2703,en
2704,und
2705,en
2706,en
2707,pt
2708,fr
2709,en
2710,es
2711,fr
2712,es
2713,es
2714,en
2715,en
2716,en
2717,en
2718,en
2719,in
2720,en
2721,en
2722,en
2723,en
2724,en
2725,pt
2726,und
2727,en
2728,it
2729,en
2730,en
2731,et
2732,en
2733,en
2734,pt
2735,tl
2736,pt
2737,en
2738,es
2739,en
2740,en
2741,es
2742,en
2743,vi
2744,es
2745,tr
2746,en
2747,pl
2748,th
2749,en
2750,it
2751,tr
2752,en
2753,ja
2754,en
2755,en
2756,in
2757,vi
2758,en
2759,en
2760,en
2761,ja
2762,en
2763,pt
2764,en
2765,en
2766,pt
2767,es
2768,en
2769,es
2770,en
2771,en
2772,en
2773,es
2774,en
2775,pt
2776,de
2777,tl
2778,en
2779,en
2780,en
2781,en
2782,en
2783,en
2784,es
2785,en
2786,en
2787,en
2788,fr
2789,en
2790,en
2791,ja
2792,pt
2793,es
2794,en
2795,pt
2796,en
2797,und
2798,en
2799,ja
2800,fr
2801,en
2802,fr
2803,en
2804,en
2805,en
2806,en
2807,en
2808,en
2809,en
2810,es
2811,en
2812,es
2813,en
2814,en
2815,en
2816,pt
2817,en
2818,th
2819,en
2820,en
2821,tr
2822,en
2823,en
2824,en
2825,en
2826,en
2827,es
2828,en
2829,en
2830,en
2831,en
2832,en
2833,en
2834,en
2835,en
2836,en
2837,en
2838,pt
2839,en
2840,en
2841,en
2842,en
2843,tr
2844,fr
2845,en
2846,tr
2847,de
2848,en
2849,en
2850,es
2851,pt
2852,en
2853,en
2854,pl
2855,es
2856,ja
2857,nl
2858,pt
2859,en
2860,en
2861,tr
2862,es
2863,tr
2864,pl
2865,en
2866,en
2867,tr
2868,en
2869,tr
2870,en
2871,pt
2872,ja
2873,en
2874,pl
2875,pt
2876,en
2877,en
2878,en
2879,en
2880,en
2881,en
2882,it
2883,en
2884,es
2885,en
2886,pt
2887,en
2888,tr
2889,tr
2890,en
2891,en
2892,en
2893,fr
2894,tr
2895,en
2896,en
2897,en
2898,pt
2899,pt
2900,es
2901,en
2902,en
2903,th
2904,pt
2905,en
2906,en
2907,in
2908,in
2909,tr
2910,es
2911,es
2912,en
2913,en
2914,en
2915,en
2916,pt
2917,en
2918,en
2919,en
2920,en
2921,en
2922,en
2923,en
2924,en
2925,en
2926,en
2927,en
2928,pt
2929,en
2930,en
2931,en
2932,pl
2933,en
2934,es
2935,es
2936,en
2937,en
2938,en
2939,pt
2940,es
2941,en
2942,pt
2943,in
2944,pt
2945,en
2946,en
2947,en
2948,pt
2949,en
2950,en
2951,en
2952,ru
2953,ko
2954,en
2955,en
2956,tl
2957,en
2958,en
2959,es
2960,en
2961,en
2962,en
2963,en
2964,en
2965,en
2966,es
2967,en
2968,en
2969,en
2970,en
2971,en
2972,tr
2973,en
2974,en
2975,en
2976,en
2977,es
2978,vi
2979,tr
2980,en
2981,de
2982,es
2983,es
2984,en
2985,fr
2986,tr
2987,en
2988,tr
2989,en
2990,en
2991,es
2992,en
2993,en
2994,en
2995,en
2996,in
2997,en
2998,pt
2999,en
3000,en
3001,en
3002,en
3003,en
3004,en
3005,en
3006,pt
3007,de
3008,en
3009,en
3010,es
3011,en
3012,en
3013,ca
3014,en
3015,en
3016,en
3017,en
3018,es
3019,en
3020,en
3021,fr
3022,en
3023,es
3024,en
3025,en
3026,tr
3027,en
3028,es
3029,und
3030,und
3031,pt
3032,en
3033,en
3034,en
3035,tr
3036,pt
3037,en
3038,en
3039,es
3040,en
3041,en
3042,en
3043,en
3044,en
3045,pt
3046,pl
3047,tr
3048,tr
3049,es
3050,pt
3051,en
3052,pt
3053,es
3054,en
3055,es
3056,tl
3057,en
3058,en
3059,en
3060,en
3061,ja
3062,de
3063,pt
3064,es
3065,es
3066,sv
3067,en
3068,en
3069,pl
3070,pt
3071,es
3072,en
3073,es
3074,pt
3075,en
3076,en
3077,en
3078,en
3079,ht
3080,fr
3081,en
3082,en
3083,tr
3084,en
3085,en
3086,da
3087,en
3088,es
3089,en
3090,en
3091,en
3092,ko
3093,en
3094,en
3095,en
3096,pl
3097,es
3098,en
3099,fr
3100,en
3101,pt
3102,en
3103,en
3104,es
3105,es
3106,en
3107,en
3108,pt
3109,es
3110,da
3111,en
3112,tr
3113,en
3114,en
3115,und
3116,it
3117,en
3118,en
3119,en
3120,en
3121,en
3122,en
3123,en
3124,en
3125,en
3126,en
3127,en
3128,tr
3129,en
3130,en
3131,en
3132,es
3133,tr
3134,tr
3135,en
3136,tr
3137,und
3138,und
3139,en
3140,en
3141,pt
3142,fr
3143,en
3144,en
3145,en
3146,en
3147,pt
3148,en
3149,en
3150,tr
3151,en
3152,en
3153,fr
3154,en
3155,es
3156,fr
3157,en
3158,en
3159,en
3160,pt
3161,es
3162,en
3163,en
3164,in
3165,en
3166,tr
3167,es
3168,es
3169,en
3170,en
3171,en
3172,tr
3173,en
3174,und
3175,es
3176,en
3177,es
3178,in
3179,en
3180,tr
3181,en
3182,und
3183,en
3184,es
3185,es
3186,en
3187,ja
3188,en
3189,en
3190,en
3191,en
3192,en
3193,en
3194,ca
3195,ar
3196,en
3197,fr
3198,en
3199,pt
3200,es
3201,it
3202,en
3203,in
3204,es
3205,en
3206,en
3207,pt
3208,es
3209,en
3210,en
3211,en
3212,es
3213,en
3214,in
3215,en
3216,pt
3217,en
3218,en
3219,en
3220,fr
3221,en
3222,pl
3223,en
3224,en
3225,tl
3226,en
3227,en
3228,en
3229,en
3230,en
3231,en
3232,en
3233,es
3234,en
3235,en
3236,tr
3237,en
3238,en
3239,en
3240,und
3241,pt
3242,en
3243,en
3244,ca
3245,en
3246,pl
3247,en
3248,en
3249,en
3250,en
3251,und
3252,in
3253,en
3254,en
3255,en
3256,en
3257,pt
3258,pt
3259,und
3260,en
3261,en
3262,en
3263,pt
3264,en
3265,en
3266,en
3267,en
3268,en
3269,en
3270,es
3271,tr
3272,en
3273,en
3274,tr
3275,pt
3276,en
3277,pl
3278,en
3279,fr
3280,en
3281,en
3282,en
3283,en
3284,und
3285,tr
3286,it
3287,pt
3288,en
3289,en
3290,ca
3291,it
3292,en
3293,en
3294,en
3295,es
3296,pt
3297,en
3298,en
3299,en
3300,en
3301,en
3302,en
3303,pt
3304,en
3305,en
3306,en
3307,en
3308,en
3309,en
3310,en
3311,en
3312,pt
3313,en
3314,en
3315,en
3316,tr
3317,es
3318,pt
3319,pt
3320,nl
3321,en
3322,en
3323,en
3324,en
3325,en
3326,fr
3327,en
3328,es
3329,en
3330,en
3331,en
3332,tr
3333,fr
3334,fr
3335,en
3336,en
3337,en
3338,en
3339,en
3340,en
3341,en
3342,en
3343,pt
3344,en
3345,en
3346,en
3347,en
3348,en
3349,it
3350,en
3351,en
3352,es
3353,in
3354,en
3355,en
3356,en
3357,en
3358,en
3359,en
3360,fr
3361,en
3362,en
3363,en
3364,en
3365,ja
3366,pt
3367,es
3368,en
3369,in
3370,en
3371,en
3372,en
3373,en
3374,es
3375,tr
3376,und
3377,en
3378,en
3379,en
3380,pt
3381,es
3382,es
3383,en
3384,en
3385,en
3386,en
3387,in
3388,en
3389,en
3390,en
3391,pl
3392,en
3393,vi
3394,en
3395,en
3396,en
3397,en
3398,en
3399,en
3400,en
3401,it
3402,tr
3403,pt
3404,es
3405,en
3406,en
3407,ja
3408,en
3409,es
3410,pl
3411,en
3412,en
3413,es
3414,en
3415,es
3416,en
3417,fr
3418,en
3419,en
3420,pt
3421,ja
3422,en
3423,en
3424,pl
3425,en
3426,en
3427,th
3428,en
3429,en
3430,tr
3431,en
3432,en
3433,en
3434,en
3435,en
3436,es
3437,en
3438,es
3439,en
3440,en
3441,fr
3442,en
3443,es
3444,en
3445,es
3446,en
3447,en
3448,en
3449,en
3450,es
3451,tr
3452,en
3453,en
3454,pl
3455,it
3456,in
3457,tr
3458,tr
3459,en
3460,en
3461,fr
3462,en
3463,en
3464,es
3465,pt
3466,und
3467,en
3468,es
3469,en
3470,en
3471,pt
3472,en
3473,en
3474,en
3475,en
3476,en
3477,es
3478,en
3479,en
3480,en
3481,es
3482,fr
3483,en
3484,lt
3485,es
3486,en
3487,en
3488,ja
3489,pt
3490,en
3491,pt
3492,en
3493,en
3494,en
3495,en
3496,ro
3497,en
3498,en
3499,tr
3500,pt
3501,fr
3502,en
3503,pl
3504,en
3505,en
3506,en
3507,en
3508,en
3509,ko
3510,en
3511,pt
3512,en
3513,en
3514,it
3515,en
3516,it
3517,en
3518,und
3519,en
3520,cy
3521,es
3522,en
3523,en
3524,es
3525,und
3526,fr
3527,en
3528,it
3529,pt
3530,en
3531,tr
3532,ja
3533,en
3534,en
3535,en
3536,tr
3537,tr
3538,ja
3539,en
3540,en
3541,ja
3542,en
3543,fr
3544,en
3545,tl
3546,en
3547,en
3548,en
3549,en
3550,en
3551,en
3552,en
3553,en
3554,und
3555,en
3556,en
3557,en
3558,en
3559,tr
3560,en
3561,en
3562,ta
3563,en
3564,en
3565,pt
3566,pt
3567,it
3568,en
3569,it
3570,en
3571,en
3572,en
3573,es
3574,en
3575,es
3576,en
3577,en
3578,en
3579,en
3580,es
3581,en
3582,es
3583,en
3584,en
3585,en
3586,en
3587,en
3588,es
3589,pl
3590,en
3591,en
3592,en
3593,tr
3594,en
3595,cs
3596,en
3597,pt
3598,pt
3599,es
3600,en
3601,en
3602,en
3603,en
3604,tr
3605,en
3606,en
3607,en
3608,en
3609,pt
3610,en
3611,und
3612,en
3613,en
3614,en
3615,pt
3616,ja
3617,en
3618,en
3619,fr
3620,en
3621,es
3622,es
3623,en
3624,en
3625,en
3626,es
3627,tl
3628,en
3629,en
3630,en
3631,en
3632,pt
3633,en
3634,en
3635,tl
3636,en
3637,ca
3638,en
3639,en
3640,en
3641,in
3642,en
3643,en
3644,en
3645,es
3646,en
3647,en
3648,en
3649,fr
3650,en
3651,en
3652,es
3653,tr
3654,tr
3655,es
3656,en
3657,pt
3658,en
3659,und
3660,es
3661,en
3662,en
3663,es
3664,es
3665,en
3666,en
3667,ar
3668,en
3669,en
3670,th
3671,en
3672,tl
3673,en
3674,es
3675,en
3676,en
3677,en
3678,it
3679,es
3680,es
3681,en
3682,fr
3683,pt
3684,en
3685,en
3686,en
3687,en
3688,ca
3689,en
3690,en
3691,tl
3692,en
3693,en
3694,en
3695,pt
3696,en
3697,en
3698,en
3699,en
3700,en
3701,en
3702,tr
3703,vi
3704,en
3705,fr
3706,fr
3707,tr
3708,en
3709,en
3710,ja
3711,en
3712,en
3713,en
3714,es
3715,es
3716,en
3717,en
3718,en
3719,und
3720,es
3721,en
3722,en
3723,es
3724,pt
3725,en
3726,en
3727,en
3728,en
3729,tr
3730,en
3731,en
3732,pt
3733,es
3734,tr
3735,in
3736,en
3737,und
3738,tr
3739,es
3740,en
3741,en
3742,tr
3743,en
3744,es
3745,fr
3746,es
3747,es
3748,tr
3749,es
3750,pt
3751,ro
3752,en
3753,en
3754,es
3755,en
3756,en
3757,en
3758,es
3759,pt
3760,pl
3761,tr
3762,en
3763,es
3764,en
3765,en
3766,en
3767,en
3768,en
3769,es
3770,en
3771,en
3772,en
3773,en
3774,in
3775,en
3776,en
3777,pt
3778,ca
3779,es
3780,es
3781,en
3782,en
3783,en
3784,en
3785,en
3786,en
3787,fr
3788,de
3789,en
3790,en
3791,es
3792,fr
3793,en
3794,en
3795,en
3796,fr
3797,en
3798,en
3799,en
3800,en
3801,en
3802,en
3803,it
3804,en
3805,en
3806,en
3807,it
3808,en
3809,en
3810,tr
3811,pt
3812,es
3813,tl
3814,fr
3815,es
3816,es
3817,en
3818,en
3819,en
3820,en
3821,ca
3822,en
3823,en
3824,pl
3825,en
3826,it
3827,ja
3828,ja
3829,en
3830,en
3831,tr
3832,en
3833,th
3834,pt
3835,und
3836,en
3837,en
3838,es
3839,pt
3840,en
3841,en
3842,en
3843,en
3844,fa
3845,en
3846,in
3847,en
3848,es
3849,en
3850,it
3851,en
3852,es
3853,en
3854,es
3855,es
3856,pt
3857,en
3858,es
3859,pt
3860,it
3861,es
3862,en
3863,en
3864,en
3865,es
3866,it
3867,es
3868,en
3869,en
3870,fr
3871,en
3872,es
3873,und
3874,en
3875,en
3876,es
3877,en
3878,en
3879,es
3880,en
3881,es
3882,en
3883,fr
3884,en
3885,en
3886,es
3887,en
3888,en
3889,fr
3890,es
3891,pt
3892,tl
3893,es
3894,en
3895,en
3896,en
3897,en
3898,es
3899,nl
3900,en
3901,en
3902,en
3903,en
3904,tr
3905,en
3906,en
3907,en
3908,es
3909,en
3910,en
3911,en
3912,en
3913,en
3914,en
3915,en
3916,en
3917,en
3918,fr
3919,es
3920,es
3921,en
3922,en
3923,en
3924,en
3925,es
3926,en
3927,en
3928,en
3929,en
3930,pt
3931,en
3932,it
3933,en
3934,en
3935,es
3936,en
3937,und
3938,en
3939,en
3940,en
3941,tl
3942,en
3943,en
3944,en
3945,es
3946,en
3947,en
3948,en
3949,en
3950,en
3951,en
3952,es
3953,en
3954,en
3955,fr
3956,en
3957,pt
3958,en
3959,pt
3960,en
3961,en
3962,es
3963,es
3964,en
3965,und
3966,en
3967,tr
3968,en
3969,en
3970,en
3971,en
3972,th
3973,pt
3974,it
3975,und
3976,en
3977,en
3978,en
3979,en
3980,en
3981,in
3982,fr
3983,tr
3984,en
3985,en
3986,en
3987,en
3988,en
3989,en
3990,en
3991,en
3992,el
3993,en
3994,en
3995,pl
3996,en
3997,en
3998,in
3999,en
4000,en
4001,en
4002,en
4003,en
4004,es
4005,pt
4006,es
4007,es
4008,tr
4009,th
4010,en
4011,en
4012,en
4013,fr
4014,en
4015,en
4016,en
4017,ja
4018,en
4019,ja
4020,en
4021,en
4022,en
4023,en
4024,en
4025,pt
4026,en
4027,en
4028,fr
4029,pt
4030,pt
4031,tr
4032,fr
4033,en
4034,tr
4035,en
4036,fr
4037,en
4038,en
4039,en
4040,en
4041,tr
4042,en
4043,en
4044,en
4045,fr
4046,ja
4047,en
4048,tr
4049,en
4050,en
4051,en
4052,en
4053,es
4054,en
4055,en
4056,es
4057,pt
4058,in
4059,en
4060,en
4061,en
4062,ja
4063,es
4064,en
4065,en
4066,en
4067,es
4068,en
4069,en
4070,en
4071,en
4072,und
4073,in
4074,en
4075,en
4076,en
4077,in
4078,en
4079,en
4080,en
4081,it
4082,es
4083,tr
4084,pt
4085,en
4086,en
4087,en
4088,en
4089,en
4090,fr
4091,en
4092,en
4093,en
4094,en
4095,en
4096,en
4097,en
4098,en
4099,en
4100,en
4101,tr
4102,tl
4103,en
4104,en
4105,pt
4106,en
4107,en
4108,tr
4109,pl
4110,en
4111,es
4112,es
4113,en
4114,en
4115,en
4116,en
4117,en
4118,pt
4119,en
4120,en
4121,en
4122,en
4123,pt
4124,en
4125,en
4126,tr
4127,tr
4128,pt
4129,en
4130,es
4131,en
4132,en
4133,es
4134,en
4135,ko
4136,pt
4137,es
4138,es
4139,en
4140,tr
4141,tr
4142,es
4143,en
4144,tl
4145,en
4146,en
4147,pl
4148,en
4149,en
4150,en
4151,cs
4152,tr
4153,fr
4154,pt
4155,en
4156,en
4157,en
4158,en
4159,pt
4160,en
4161,en
4162,en
4163,fr
4164,es
4165,es
4166,en
4167,pt
4168,en
4169,en
4170,en
4171,en
4172,en
4173,en
4174,en
4175,en
4176,hi
4177,en
4178,en
4179,en
4180,ja
4181,tr
4182,en
4183,fr
4184,en
4185,es
4186,en
4187,fr
4188,en
4189,tr
4190,en
4191,fr
4192,en
4193,en
4194,en
4195,en
4196,pl
4197,en
4198,en
4199,en
4200,en
4201,in
4202,en
4203,pt
4204,pt
4205,und
4206,es
4207,fr
4208,es
4209,en
4210,th
4211,en
4212,en
4213,es
4214,es
4215,it
4216,en
4217,en
4218,en
4219,en
4220,en
4221,en
4222,en
4223,es
4224,fr
4225,en
4226,en
4227,en
4228,tr
4229,en
4230,en
4231,pt
4232,en
4233,en
4234,en
4235,en
4236,en
4237,en
4238,en
4239,en
4240,cs
4241,en
4242,en
4243,en
4244,en
4245,pt
4246,en
4247,es
4248,en
4249,en
4250,ca
4251,en
4252,tl
4253,en
4254,tr
4255,ca
4256,en
4257,en
4258,in
4259,in
4260,es
4261,en
4262,en
4263,tl
4264,pl
4265,pt
4266,en
4267,en
4268,en
4269,en
4270,en
4271,en
4272,en
4273,pt
4274,pl
4275,en
4276,en
4277,en
4278,es
4279,es
4280,en
4281,vi
4282,en
4283,en
4284,en
4285,tr
4286,es
4287,en
4288,ja
4289,en
4290,en
4291,und
4292,en
4293,en
4294,en
4295,es
4296,it
4297,en
4298,en
4299,en
4300,en
4301,en
4302,en
4303,en
4304,en
4305,pt
4306,en
4307,es
4308,en
4309,en
4310,tr
4311,es
4312,en
4313,en
4314,pt
4315,tr
4316,es
4317,pt
4318,en
4319,en
4320,pl
4321,en
4322,pt
4323,ko
4324,en
4325,es
4326,es
4327,en
4328,pt
4329,en
4330,tl
4331,en
4332,und
4333,th
4334,es
4335,en
4336,en
4337,pl
4338,en
4339,it
4340,es
4341,ar
4342,en
4343,en
4344,pt
4345,en
4346,tr
4347,en
4348,fr
4349,sv
4350,uk
4351,en
4352,en
4353,en
4354,en
4355,pl
4356,es
4357,it
4358,en
4359,en
4360,tr
4361,en
4362,en
4363,fr
4364,it
4365,en
4366,es
4367,en
4368,es
4369,en
4370,en
4371,pt
4372,en
4373,en
4374,en
4375,en
4376,en
4377,tl
4378,es
4379,pt
4380,fr
4381,en
4382,pt
4383,en
4384,en
4385,es
4386,pt
4387,fr
4388,en
4389,en
4390,en
4391,en
4392,en
4393,en
4394,en
4395,tr
4396,es
4397,ja
4398,es
4399,es
4400,en
4401,es
4402,es
4403,es
4404,en
4405,en
4406,pt
4407,en
4408,ja
4409,en
4410,pt
4411,es
4412,en
4413,en
4414,fr
4415,en
4416,und
4417,en
4418,pt
4419,es
4420,en
4421,es
4422,tr
4423,de
4424,en
4425,en
4426,pt
4427,da
4428,en
4429,es
4430,en
4431,en
4432,pt
4433,en
4434,en
4435,en
4436,es
4437,en
4438,en
4439,en
4440,und
4441,en
4442,en
4443,fr
4444,vi
4445,pt
4446,en
4447,fr
4448,en
4449,en
4450,en
4451,es
4452,en
4453,en
4454,nl
4455,tr
4456,en
4457,en
4458,es
4459,en
4460,tr
4461,es
4462,in
4463,en
4464,es
4465,en
4466,en
4467,tr
4468,es
4469,en
4470,und
4471,en
4472,da
4473,en
4474,en
4475,en
4476,en
4477,en
4478,en
4479,tr
4480,en
4481,en
4482,en
4483,en
4484,en
4485,pt
4486,en
4487,en
4488,es
4489,en
4490,es
4491,es
4492,ja
4493,en
4494,en
4495,en
4496,tr
4497,ja
4498,it
4499,en
4500,en
4501,es
4502,pt
4503,en
4504,es
4505,en
4506,pt
4507,es
4508,en
4509,es
4510,en
4511,en
4512,es
4513,es
4514,und
4515,en
4516,en
4517,en
4518,en
4519,und
4520,fr
4521,en
4522,tr
4523,en
4524,fr
4525,en
4526,ja
4527,en
4528,en
4529,pt
4530,en
4531,en
4532,en
4533,en
4534,en
4535,es
4536,tr
4537,en
4538,en
4539,en
4540,en
4541,en
4542,en
4543,pt
4544,en
4545,en
4546,fr
4547,en
4548,en
4549,en
4550,es
4551,in
4552,cs
4553,en
4554,pt
4555,es
4556,en
4557,pt
4558,en
4559,es
4560,tr
4561,en
4562,en
4563,en
4564,de
4565,pt
4566,en
4567,en
4568,ja
4569,es
4570,en
4571,en
4572,en
4573,en
4574,es
4575,tl
4576,en
4577,en
4578,in
4579,fr
4580,fr
4581,es
4582,en
4583,en
4584,en
4585,en
4586,ja
4587,en
4588,en
4589,ja
4590,en
4591,en
4592,en
4593,es
4594,en
4595,pt
4596,hi
4597,pt
4598,en
4599,es
4600,en
4601,pt
4602,en
4603,en
4604,fr
4605,en
4606,es
4607,fr
4608,en
4609,en
4610,pt
4611,tr
4612,en
4613,en
4614,es
4615,tl
4616,es
4617,en
4618,en
4619,en
4620,en
4621,en
4622,it
4623,ja
4624,nl
4625,en
4626,pt
4627,en
4628,en
4629,en
4630,pt
4631,es
4632,nl
4633,en
4634,ro
4635,en
4636,pt
4637,es
4638,en
4639,en
4640,en
4641,en
4642,pt
4643,en
4644,en
4645,pt
4646,en
4647,en
4648,en
4649,en
4650,en
4651,pt
4652,pl
4653,es
4654,en
4655,en
4656,ja
4657,en
4658,en
4659,en
4660,en
4661,en
4662,en
4663,en
4664,en
4665,vi
4666,en
4667,pt
4668,pt
4669,en
4670,en
4671,en
4672,en
4673,it
4674,in
4675,en
4676,en
4677,en
4678,en
4679,en
4680,en
4681,es
4682,es
4683,en
4684,en
4685,en
4686,en
4687,en
4688,en
4689,ja
4690,en
4691,en
4692,en
4693,en
4694,en
4695,en
4696,en
4697,es
4698,en
4699,fr
4700,es
4701,fr
4702,en
4703,en
4704,es
4705,es
4706,ja
4707,pt
4708,en
4709,pt
4710,en
4711,en
4712,en
4713,fr
4714,und
4715,pt
4716,en
4717,ja
4718,in
4719,en
4720,en
4721,en
4722,en
4723,en
4724,en
4725,en
4726,en
4727,en
4728,en
4729,en
4730,en
4731,en
4732,en
4733,en
4734,en
4735,en
4736,pt
4737,en
4738,en
4739,en
4740,en
4741,en
4742,en
4743,en
4744,en
4745,en
4746,ja
4747,tl
4748,en
4749,en
4750,fr
4751,pt
4752,es
4753,en
4754,en
4755,en
4756,en
4757,en
4758,in
4759,en
4760,tr
4761,pt
4762,es
4763,en
4764,en
4765,en
4766,en
4767,es
4768,tr
4769,en
4770,en
4771,es
4772,en
4773,es
4774,en
4775,en
4776,en
4777,en
4778,es
4779,pt
4780,en
4781,es
4782,ca
4783,en
4784,en
4785,pt
4786,it
4787,tr
4788,tl
4789,ca
4790,tl
4791,es
4792,es
4793,en
4794,en
4795,ja
4796,fr
4797,en
4798,en
4799,pt
4800,en
4801,hi
4802,und
4803,fa
4804,en
4805,en
4806,es
4807,en
4808,en
4809,tr
4810,en
4811,es
4812,en
4813,es
4814,en
4815,ja
4816,en
4817,en
4818,en
4819,es
4820,en
4821,pt
4822,pl
4823,pt
4824,en
4825,en
4826,en
4827,en
4828,tr
4829,in
4830,en
4831,en
4832,en
4833,es
4834,en
4835,en
4836,en
4837,tr
4838,en
4839,en
4840,en
4841,en
4842,es
4843,en
4844,en
4845,en
4846,es
4847,en
4848,fr
4849,en
4850,fr
4851,ca
4852,und
4853,pt
4854,en
4855,en
4856,en
4857,en
4858,en
4859,ja
4860,en
4861,es
4862,en
4863,th
4864,en
4865,en
4866,en
4867,fr
4868,en
4869,es
4870,en
4871,en
4872,en
4873,fr
4874,es
4875,es
4876,fr
4877,ko
4878,en
4879,pt
4880,es
4881,en
4882,en
4883,en
4884,ja
4885,es
4886,es
4887,en
4888,en
4889,en
4890,en
4891,en
4892,en
4893,fr
4894,en
4895,en
4896,es
4897,en
4898,en
4899,en
4900,es
4901,en
4902,pl
4903,fr
4904,en
4905,en
4906,en
4907,en
4908,fr
4909,tr
4910,es
4911,en
4912,tr
4913,en
4914,en
4915,en
4916,ja
4917,es
4918,en
4919,en
4920,en
4921,en
4922,es
4923,en
4924,en
4925,tr
4926,no
4927,en
4928,en
4929,es
4930,en
4931,es
4932,pt
4933,en
4934,en
4935,en
4936,en
4937,en
4938,es
4939,en
4940,en
4941,en
4942,en
4943,es
4944,en
4945,es
4946,en
4947,tr
4948,pt
4949,es
4950,en
4951,fr
4952,en
4953,en
4954,en
4955,pl
4956,en
4957,en
4958,en
4959,pt
4960,en
4961,en
4962,en
4963,und
4964,en
4965,en
4966,en
4967,en
4968,en
4969,tr
4970,en
4971,en
4972,es
4973,es
4974,pl
4975,es
4976,en
4977,pt
4978,it
4979,en
4980,en
4981,en
4982,en
4983,en
4984,en
4985,en
4986,en
4987,es
4988,en
4989,en
4990,en
4991,pt
4992,pt
4993,en
4994,en
4995,en
4996,en
4997,ja
4998,en
4999,en
5000,in
5001,pt
5002,en
5003,und
5004,en
5005,es
5006,en
5007,es
5008,en
5009,en
5010,en
5011,en
5012,en
5013,und
5014,pt
5015,in
5016,en
5017,en
5018,es
5019,en
5020,es
5021,pt
5022,en
5023,en
5024,es
5025,es
5026,en
5027,en
5028,en
5029,en
5030,pt
5031,en
5032,ru
5033,es
5034,pt
5035,en
5036,fr
5037,en
5038,pt
5039,es
5040,ja
5041,pt
5042,en
5043,tr
5044,fr
5045,en
5046,es
5047,en
5048,en
5049,es
5050,fr
5051,es
5052,en
5053,tr
5054,en
5055,en
5056,en
5057,en
5058,pl
5059,it
5060,en
5061,en
5062,en
5063,tr
5064,en
5065,pt
5066,es
5067,en
5068,es
5069,ja
5070,en
5071,es
5072,en
5073,en
5074,en
5075,en
5076,es
5077,pl
5078,en
5079,en
5080,es
5081,ja
5082,en
5083,en
5084,tr
5085,en
5086,en
5087,en
5088,en
5089,pt
5090,en
5091,en
5092,en
5093,en
5094,en
5095,en
5096,th
5097,en
5098,en
5099,el
5100,es
5101,en
5102,en
5103,fr
5104,en
5105,en
5106,en
5107,pt
5108,es
5109,pl
5110,pt
5111,pt
5112,en
5113,es
5114,fr
5115,en
5116,en
5117,es
5118,en
5119,en
5120,en
5121,en
5122,fr
5123,en
5124,es
5125,es
5126,en
5127,und
5128,in
5129,en
5130,es
5131,en
5132,cy
5133,en
5134,en
5135,en
5136,pt
5137,en
5138,und
5139,en
5140,en
5141,en
5142,en
5143,en
5144,fr
5145,fr
5146,es
5147,en
5148,en
5149,en
5150,en
5151,sv
5152,pt
5153,en
5154,en
5155,tr
5156,en
5157,und
5158,en
5159,it
5160,pt
5161,es
5162,en
5163,en
5164,es
5165,it
5166,ru
5167,en
5168,en
5169,en
5170,pt
5171,en
5172,it
5173,es
5174,pt
5175,it
5176,en
5177,en
5178,en
5179,en
5180,en
5181,en
5182,fr
5183,en
5184,und
5185,en
5186,pt
5187,en
5188,es
5189,pt
5190,en
5191,en
5192,en
5193,vi
5194,es
5195,en
5196,fr
5197,no
5198,es
5199,in
5200,en
5201,ko
5202,in
5203,vi
5204,es
5205,en
5206,en
5207,es
5208,en
5209,pt
5210,und
5211,fr
5212,en
5213,pt
5214,en
5215,en
5216,en
5217,pt
5218,en
5219,en
5220,es
5221,en
5222,ja
5223,en
5224,it
5225,en
5226,en
5227,en
5228,en
5229,pt
5230,ca
5231,pt
5232,ja
5233,en
5234,pt
5235,en
5236,tl
5237,en
5238,en
5239,in
5240,en
5241,it
5242,es
5243,it
5244,en
5245,en
5246,tl
5247,en
5248,pt
5249,en
5250,en
5251,en
5252,en
5253,en
5254,it
5255,en
5256,en
5257,en
5258,tr
5259,tr
5260,en
5261,en
5262,en
5263,tr
5264,en
5265,en
5266,en
5267,en
5268,pt
5269,en
5270,es
5271,en
5272,en
5273,en
5274,en
5275,it
5276,en
5277,pt
5278,en
5279,en
5280,es
5281,en
5282,en
5283,es
5284,en
5285,en
5286,en
5287,en
5288,en
5289,en
5290,en
5291,es
5292,en
5293,en
5294,en
5295,en
5296,es
5297,en
5298,fr
5299,en
5300,tl
5301,en
5302,en
5303,en
5304,en
5305,en
5306,en
5307,es
5308,fr
5309,ja
5310,it
5311,en
5312,en
5313,ur
5314,en
5315,en
5316,und
5317,en
5318,fr
5319,en
5320,en
5321,pl
5322,en
5323,en
5324,es
5325,en
5326,en
5327,es
5328,ca
5329,es
5330,en
5331,es
5332,tr
5333,es
5334,pt
5335,en
5336,pt
5337,en
5338,en
5339,en
5340,fr
5341,in
5342,en
5343,en
5344,en
5345,en
5346,en
5347,en
5348,en
5349,en
5350,en
5351,en
5352,ja
5353,en
5354,en
5355,en
5356,ja
5357,en
5358,es
5359,en
5360,en
5361,en
5362,en
5363,en
5364,tr
5365,ar
5366,en
5367,en
5368,en
5369,fr
5370,sv
5371,en
5372,en
5373,th
5374,tr
5375,en
5376,ja
5377,en
5378,ja
5379,en
5380,en
5381,it
5382,en
5383,en
5384,tr
5385,en
5386,pt
5387,fr
5388,fr
5389,en
5390,tr
5391,und
5392,en
5393,fr
5394,pl
5395,es
5396,fr
5397,en
5398,en
5399,en
5400,en
5401,en
5402,fr
5403,en
5404,en
5405,en
5406,en
5407,fr
5408,es
5409,en
5410,en
5411,en
5412,it
5413,it
5414,fr
5415,en
5416,en
5417,en
5418,en
5419,es
5420,en
5421,pt
5422,fr
5423,es
5424,en
5425,tr
5426,ja
5427,es
5428,en
5429,en
5430,it
5431,es
5432,pt
5433,ar
5434,und
5435,en
5436,pt
5437,en
5438,es
5439,en
5440,es
5441,ja
5442,en
5443,en
5444,es
5445,en
5446,pt
5447,es
5448,en
5449,en
5450,en
5451,tr
5452,en
5453,en
5454,es
5455,tr
5456,en
5457,fr
5458,en
5459,en
5460,es
5461,en
5462,und
5463,en
5464,en
5465,es
5466,en
5467,pt
5468,en
5469,en
5470,en
5471,en
5472,fr
5473,tr
5474,en
5475,en
5476,en
5477,en
5478,en
5479,en
5480,en
5481,en
5482,in
5483,en
5484,en
5485,en
5486,en
5487,en
5488,fr
5489,en
5490,en
5491,en
5492,en
5493,pt
5494,en
5495,es
5496,en
5497,en
5498,fr
5499,en
5500,en
5501,en
5502,it
5503,en
5504,en
5505,en
5506,en
5507,en
5508,en
5509,ca
5510,en
5511,en
5512,en
5513,fr
5514,pt
5515,pt
5516,tr
5517,de
5518,cs
5519,en
5520,en
5521,it
5522,en
5523,tr
5524,in
5525,en
5526,en
5527,en
5528,en
5529,es
5530,tl
5531,en
5532,pt
5533,en
5534,en
5535,pt
5536,en
5537,es
5538,en
5539,es
5540,fr
5541,en
5542,en
5543,ko
5544,tr
5545,en
5546,en
5547,es
5548,en
5549,en
5550,en
5551,en
5552,und
5553,en
5554,es
5555,pt
5556,en
5557,es
5558,en
5559,ja
5560,en
5561,en
5562,en
5563,en
5564,es
5565,en
5566,en
5567,tr
5568,pt
5569,en
5570,es
5571,en
5572,in
5573,en
5574,en
5575,en
5576,tr
5577,en
5578,fr
5579,en
5580,en
5581,en
5582,en
5583,en
5584,en
5585,tr
5586,en
5587,th
5588,en
5589,de
5590,sl
5591,en
5592,ko
5593,en
5594,en
5595,fr
5596,en
5597,en
5598,en
5599,en
5600,en
5601,en
5602,en
5603,en
5604,en
5605,it
5606,fr
5607,en
5608,en
5609,es
5610,en
5611,tr
5612,en
5613,en
5614,en
5615,en
5616,en
5617,en
5618,en
5619,es
5620,en
5621,es
5622,en
5623,tr
5624,en
5625,en
5626,pt
5627,en
5628,en
5629,in
5630,en
5631,en
5632,en
5633,tr
5634,und
5635,en
5636,es
5637,en
5638,ca
5639,en
5640,es
5641,fr
5642,en
5643,en
5644,und
5645,fr
5646,en
5647,hi
5648,en
5649,en
5650,fr
5651,en
5652,en
5653,en
5654,tr
5655,en
5656,en
5657,en
5658,und
5659,en
5660,tr
5661,cy
5662,en
5663,en
5664,fr
5665,es
5666,en
5667,tr
5668,es
5669,en
5670,en
5671,en
5672,en
5673,en
5674,pl
5675,tr
5676,en
5677,en
5678,en
5679,en
5680,tr
5681,pt
5682,en
5683,tr
5684,it
5685,en
5686,en
5687,vi
5688,en
5689,ja
5690,en
5691,en
5692,en
5693,fr
5694,en
5695,en
5696,en
5697,en
5698,en
5699,es
5700,es
5701,en
5702,en
5703,pt
5704,en
5705,en
5706,en
5707,en
5708,ja
5709,tr
5710,fr
5711,en
5712,en
5713,in
5714,en
5715,en
5716,en
5717,en
5718,pt
5719,en
5720,es
5721,und
5722,en
5723,en
5724,en
5725,en
5726,es
5727,pt
5728,es
5729,en
5730,pt
5731,en
5732,es
5733,en
5734,en
5735,en
5736,en
5737,en
5738,en
5739,es
5740,en
5741,en
5742,en
5743,en
5744,pl
5745,en
5746,en
5747,pt
5748,en
5749,en
5750,en
5751,tr
5752,en
5753,es
5754,en
5755,en
5756,en
5757,fr
5758,en
5759,es
5760,en
5761,es
5762,en
5763,en
5764,en
5765,en
5766,ar
5767,en
5768,en
5769,en
5770,und
5771,es
5772,en
5773,en
5774,en
5775,en
5776,pt
5777,en
5778,en
5779,en
5780,fr
5781,en
5782,en
5783,en
5784,en
5785,ro
5786,vi
5787,en
5788,und
5789,en
5790,en
5791,es
5792,ca
5793,en
5794,en
5795,en
5796,en
5797,en
5798,pl
5799,pt
5800,vi
5801,en
5802,en
5803,fr
5804,es
5805,es
5806,pl
5807,en
5808,fr
5809,en
5810,en
5811,en
5812,es
5813,und
5814,fr
5815,es
5816,th
5817,vi
5818,fr
5819,pl
5820,pt
5821,en
5822,en
5823,en
5824,en
5825,en
5826,en
5827,en
5828,en
5829,en
5830,en
5831,pt
5832,en
5833,it
5834,pt
5835,es
5836,pt
5837,es
5838,en
5839,en
5840,en
5841,en
5842,en
5843,en
5844,en
5845,tr
5846,en
5847,en
5848,en
5849,en
5850,en
5851,es
5852,en
5853,en
5854,es
5855,en
5856,en
5857,pt
5858,es
5859,en
5860,ja
5861,en
5862,en
5863,tr
5864,en
5865,en
5866,ja
5867,en
5868,en
5869,es
5870,tl
5871,en
5872,tr
5873,es
5874,en
5875,fr
5876,en
5877,ja
5878,en
5879,es
5880,en
5881,es
5882,en
5883,es
5884,en
5885,en
5886,en
5887,tr
5888,en
5889,en
5890,en
5891,pt
5892,pt
5893,en
5894,en
5895,en
5896,fr
5897,en
5898,en
5899,en
5900,en
5901,en
5902,en
5903,es
5904,it
5905,en
5906,fr
5907,es
5908,tl
5909,en
5910,en
5911,en
5912,en
5913,fr
5914,en
5915,ja
5916,en
5917,ca
5918,tr
5919,en
5920,en
5921,es
5922,es
5923,en
5924,da
5925,es
5926,en
5927,es
5928,ja
5929,en
5930,es
5931,en
5932,und
5933,es
5934,es
5935,es
5936,fr
5937,en
5938,en
5939,vi
5940,en
5941,en
5942,en
5943,en
5944,en
5945,fr
5946,en
5947,pl
5948,fr
5949,en
5950,en
5951,in
5952,en
5953,es
5954,en
5955,es
5956,en
5957,es
5958,es
5959,it
5960,tr
5961,ru
5962,cy
5963,es
5964,en
5965,en
5966,es
5967,en
5968,en
5969,en
5970,pt
5971,und
5972,en
5973,en
5974,en
5975,en
5976,en
5977,en
5978,pt
5979,und
5980,it
5981,es
5982,en
5983,en
5984,en
5985,en
5986,pt
5987,en
5988,es
5989,en
5990,en
5991,en
5992,en
5993,pt
5994,pt
5995,en
5996,en
5997,en
5998,en
5999,en
6000,es
6001,ja
6002,en
6003,pt
6004,en
6005,en
6006,tl
6007,pt
6008,tr
6009,fr
6010,en
6011,tr
6012,pt
6013,en
6014,pt
6015,en
6016,en
6017,en
6018,es
6019,en
6020,en
6021,en
6022,pt
6023,pt
6024,pt
6025,en
6026,en
6027,pt
6028,es
6029,en
6030,en
6031,en
6032,en
6033,en
6034,en
6035,en
6036,es
6037,es
6038,en
6039,en
6040,en
6041,no
6042,en
6043,en
6044,pt
6045,en
6046,en
6047,pt
6048,en
6049,fr
6050,en
6051,en
6052,en
6053,en
6054,pt
6055,en
6056,en
6057,en
6058,en
6059,en
6060,en
6061,es
6062,tl
6063,pt
6064,en
6065,en
6066,en
6067,und
6068,en
6069,es
6070,es
6071,en
6072,en
6073,ja
6074,en
6075,en
6076,ja
6077,tr
6078,es
6079,en
6080,en
6081,en
6082,pt
6083,es
6084,es
6085,en
6086,fr
6087,en
6088,tr
6089,en
6090,es
6091,en
6092,es
6093,en
6094,fr
6095,en
6096,en
6097,en
6098,en
6099,en
6100,en
6101,en
6102,en
6103,tl
6104,es
6105,tr
6106,ja
6107,en
6108,es
6109,en
6110,en
6111,fr
6112,ko
6113,pt
6114,en
6115,es
6116,und
6117,en
6118,en
6119,es
6120,en
6121,pt
6122,es
6123,ko
6124,en
6125,tr
6126,en
6127,en
6128,en
6129,en
6130,en
6131,en
6132,en
6133,en
6134,en
6135,es
6136,en
6137,en
6138,en
6139,en
6140,es
6141,pt
6142,en
6143,en
6144,it
6145,es
6146,fr
6147,es
6148,en
6149,en
6150,pt
6151,en
6152,en
6153,en
6154,pt
6155,en
6156,en
6157,en
6158,pt
6159,en
6160,en
6161,en
6162,en
6163,tr
6164,en
6165,en
6166,en
6167,en
6168,en
6169,en
6170,en
6171,en
6172,fr
6173,en
6174,es
6175,en
6176,pt
6177,es
6178,en
6179,es
6180,en
6181,en
6182,en
6183,en
6184,en
6185,en
6186,it
6187,in
6188,en
6189,es
6190,en
6191,ja
6192,pt
6193,en
6194,en
6195,en
6196,en
6197,tr
6198,es
6199,en
6200,de
6201,fr
6202,en
6203,en
6204,fr
6205,en
6206,pt
6207,es
6208,en
6209,fr
6210,es
6211,en
6212,en
6213,en
6214,en
6215,en
6216,en
6217,en
6218,en
6219,it
6220,en
6221,en
6222,en
6223,en
6224,en
6225,es
6226,en
6227,en
6228,en
6229,es
6230,es
6231,es
6232,en
6233,en
6234,en
6235,pt
6236,pt
6237,tr
6238,en
6239,pt
6240,es
6241,en
6242,en
6243,fr
6244,pt
6245,en
6246,en
6247,it
6248,und
6249,en
6250,en
6251,en
6252,fr
6253,es
6254,fr
6255,en
6256,es
6257,en
6258,en
6259,en
6260,pt
6261,en
6262,es
6263,en
6264,tr
6265,en
6266,en
6267,en
6268,en
6269,fr
6270,ca
6271,en
6272,en
6273,es
6274,en
6275,tr
6276,en
6277,pt
6278,en
6279,en
6280,en
6281,pl
6282,tr
6283,en
6284,en
6285,pt
6286,tr
6287,fr
6288,en
6289,es
6290,en
6291,en
6292,es
6293,fr
6294,en
6295,en
6296,en
6297,en
6298,es
6299,en
6300,en
6301,es
6302,en
6303,en
6304,es
6305,en
6306,en
6307,und
6308,en
6309,en
6310,en
6311,hi
6312,fr
6313,pl
6314,en
6315,en
6316,tr
6317,pt
6318,en
6319,en
6320,en
6321,ja
6322,en
6323,en
6324,en
6325,pt
6326,en
6327,es
6328,en
6329,en
6330,es
6331,en
6332,en
6333,en
6334,en
6335,pt
6336,tr
6337,ko
6338,en
6339,en
6340,en
6341,en
6342,en
6343,es
6344,tr
6345,en
6346,pt
6347,tr
6348,en
6349,en
6350,en
6351,en
6352,en
6353,en
6354,en
6355,es
6356,en
6357,en
6358,en
6359,en
6360,es
6361,en
6362,en
6363,es
6364,en
6365,vi
6366,es
6367,tr
6368,es
6369,en
6370,en
6371,en
6372,en
6373,es
6374,es
6375,en
6376,tr
6377,en
6378,en
6379,en
6380,ko
6381,ca
6382,es
6383,ja
6384,tl
6385,es
6386,tr
6387,en
6388,fr
6389,en
6390,en
6391,en
6392,en
6393,en
6394,en
6395,en
6396,en
6397,en
6398,in
6399,en
6400,es
6401,en
6402,en
6403,en
6404,en
6405,en
6406,en
6407,en
6408,en
6409,es
6410,pt
6411,tl
6412,en
6413,es
6414,pt
6415,es
6416,en
6417,en
6418,pl
6419,fr
6420,en
6421,ca
6422,en
6423,es
6424,en
6425,en
6426,en
6427,en
6428,pt
6429,en
6430,es
6431,en
6432,en
6433,en
6434,pl
6435,pt
6436,ja
6437,en
6438,es
6439,en
6440,en
6441,pt
6442,en
6443,es
6444,en
6445,en
6446,en
6447,en
6448,nl
6449,en
6450,pt
6451,en
6452,en
6453,en
6454,en
6455,tr
6456,en
6457,en
6458,en
6459,en
6460,en
6461,en
6462,ja
6463,ko
6464,es
6465,en
6466,es
6467,es
6468,ar
6469,es
6470,en
6471,en
6472,en
6473,en
6474,en
6475,en
6476,pt
6477,es
6478,pt
6479,en
6480,tr
6481,en
6482,en
6483,en
6484,en
6485,en
6486,en
6487,en
6488,en
6489,es
6490,en
6491,en
6492,en
6493,en
6494,en
6495,tr
6496,es
6497,en
6498,en
6499,en
6500,en
6501,en
6502,und
6503,tr
6504,en
6505,en
6506,en
6507,en
6508,es
6509,en
6510,es
6511,en
6512,en
6513,en
6514,en
6515,es
6516,en
6517,tr
6518,pt
6519,en
6520,en
6521,en
6522,en
6523,en
6524,en
6525,en
6526,en
6527,ar
6528,es
6529,en
6530,en
6531,tr
6532,en
6533,es
6534,tl
6535,en
6536,en
6537,en
6538,en
6539,es
6540,ja
6541,en
6542,en
6543,fr
6544,und
6545,fr
6546,es
6547,en
6548,pt
6549,es
6550,en
6551,en
6552,en
6553,en
6554,tr
6555,en
6556,ja
6557,en
6558,es
6559,en
6560,en
6561,pt
6562,en
6563,en
6564,en
6565,en
6566,pt
6567,en
6568,fr
6569,en
6570,tr
6571,ne
6572,en
6573,en
6574,en
6575,en
6576,ja
6577,en
6578,en
6579,es
6580,ja
6581,en
6582,en
6583,en
6584,en
6585,en
6586,fr
6587,en
6588,es
6589,es
6590,en
6591,es
6592,ja
6593,en
6594,en
6595,und
6596,en
6597,en
6598,en
6599,en
6600,en
6601,en
6602,en
6603,en
6604,pt
6605,pt
6606,ja
6607,es
6608,en
6609,pt
6610,pt
6611,pt
6612,en
6613,en
6614,en
6615,en
6616,en
6617,en
6618,en
6619,en
6620,en
6621,en
6622,en
6623,en
6624,en
6625,en
6626,en
6627,en
6628,in
6629,en
6630,es
6631,en
6632,en
6633,en
6634,und
6635,en
6636,en
6637,en
6638,en
6639,es
6640,en
6641,en
6642,en
6643,en
6644,vi
6645,en
6646,en
6647,en
6648,pt
6649,pt
6650,en
6651,es
6652,fr
6653,en
6654,en
6655,en
6656,en
6657,tl
6658,en
6659,en
6660,fr
6661,ca
6662,en
6663,el
6664,en
6665,de
6666,en
6667,en
6668,en
6669,en
6670,en
6671,fr
6672,tr
6673,es
6674,en
6675,en
6676,th
6677,en
6678,en
6679,es
6680,es
6681,pt
6682,und
6683,en
6684,en
6685,en
6686,ro
6687,es
6688,es
6689,tl
6690,en
6691,en
6692,vi
6693,en
6694,es
6695,tr
6696,en
6697,es
6698,en
6699,en
6700,en
6701,en
6702,ja
6703,es
6704,ja
6705,en
6706,en
6707,in
6708,pt
6709,en
6710,tr
6711,en
6712,en
6713,es
6714,ko
6715,en
6716,en
6717,pt
6718,fr
6719,en
6720,pt
6721,en
6722,ko
6723,en
6724,ja
6725,pt
6726,en
6727,en
6728,en
6729,en
6730,es
6731,es
6732,en
6733,en
6734,pt
6735,en
6736,en
6737,en
6738,en
6739,en
6740,en
6741,en
6742,en
6743,en
6744,es
6745,und
6746,en
6747,tl
6748,en
6749,pt
6750,en
6751,en
6752,en
6753,en
6754,en
6755,en
6756,en
6757,pt
6758,en
6759,en
6760,und
6761,en
6762,en
6763,pl
6764,en
6765,en
6766,en
6767,en
6768,en
6769,en
6770,en
6771,en
6772,pt
6773,und
6774,en
6775,en
6776,en
6777,es
6778,tl
6779,pt
6780,en
6781,en
6782,en
6783,en
6784,pt
6785,en
6786,es
6787,en
6788,en
6789,en
6790,en
6791,en
6792,en
6793,es
6794,es
6795,es
6796,en
6797,en
6798,en
6799,en
6800,en
6801,en
6802,en
6803,en
6804,und
6805,tl
6806,fr
6807,en
6808,en
6809,pt
6810,en
6811,en
6812,en
6813,en
6814,en
6815,en
6816,en
6817,pt
6818,en
6819,en
6820,ru
6821,en
6822,en
6823,en
6824,tl
6825,en
6826,en
6827,en
6828,en
6829,pl
6830,en
6831,en
6832,en
6833,en
6834,en
6835,en
6836,en
6837,es
6838,en
6839,en
6840,fr
6841,es
6842,es
6843,en
6844,und
6845,en
6846,pt
6847,en
6848,es
6849,fr
6850,en
6851,en
6852,en
6853,en
6854,en
6855,en
6856,en
6857,tr
6858,in
6859,pt
6860,en
6861,en
6862,en
6863,en
6864,es
6865,en
6866,in
6867,en
6868,und
6869,en
6870,it
6871,en
6872,pt
6873,en
6874,tl
6875,tr
6876,es
6877,es
6878,es
6879,en
6880,en
6881,en
6882,en
6883,en
6884,es
6885,en
6886,en
6887,en
6888,en
6889,pt
6890,ja
6891,pt
6892,es
6893,en
6894,en
6895,en
6896,es
6897,en
6898,en
6899,en
6900,es
6901,en
6902,tr
6903,es
6904,es
6905,en
6906,en
6907,en
6908,pt
6909,en
6910,en
6911,en
6912,en
6913,es
6914,en
6915,en
6916,en
6917,en
6918,es
6919,th
6920,pl
6921,en
6922,en
6923,tr
6924,en
6925,en
6926,en
6927,es
6928,en
6929,en
6930,en
6931,es
6932,en
6933,es
6934,en
6935,es
6936,es
6937,pt
6938,en
6939,en
6940,tr
6941,ja
6942,fr
6943,vi
6944,tr
6945,es
6946,es
6947,in
6948,es
6949,en
6950,en
6951,pl
6952,en
6953,ro
6954,es
6955,en
6956,en
6957,tr
6958,en
6959,es
6960,fr
6961,fr
6962,es
6963,en
6964,en
6965,en
6966,en
6967,es
6968,en
6969,en
6970,es
6971,in
6972,es
6973,en
6974,und
6975,en
6976,es
6977,tr
6978,es
6979,vi
6980,en
6981,es
6982,in
6983,ja
6984,en
6985,en
6986,tr
6987,en
6988,tr
6989,tr
6990,en
6991,en
6992,pt
6993,es
6994,fr
6995,en
6996,en
6997,en
6998,pt
6999,en
7000,fr
7001,fr
7002,en
7003,en
7004,en
7005,en
7006,en
7007,en
7008,en
7009,es
7010,en
7011,en
7012,en
7013,tr
7014,es
7015,en
7016,und
7017,es
7018,en
7019,en
7020,pt
7021,tr
7022,en
7023,en
7024,zh
7025,en
7026,pt
7027,en
7028,ja
7029,en
7030,en
7031,fr
7032,en
7033,en
7034,en
7035,en
7036,en
7037,en
7038,en
7039,pt
7040,en
7041,pt
7042,pt
7043,en
7044,en
7045,es
7046,pt
7047,es
7048,es
7049,en
7050,ja
7051,es
7052,en
7053,und
7054,en
7055,es
7056,en
7057,en
7058,en
7059,en
7060,en
7061,en
7062,en
7063,en
7064,ja
7065,tr
7066,es
7067,tr
7068,en
7069,tr
7070,en
7071,en
7072,ca
7073,en
7074,en
7075,en
7076,tr
7077,en
7078,en
7079,en
7080,en
7081,en
7082,tl
7083,tl
7084,en
7085,en
7086,tr
7087,es
7088,fr
7089,en
7090,en
7091,en
7092,en
7093,pt
7094,en
7095,tl
7096,tr
7097,tr
7098,es
7099,en
7100,en
7101,en
7102,en
7103,en
7104,en
7105,it
7106,es
7107,pt
7108,en
7109,en
7110,en
7111,en
7112,en
7113,pt
7114,en
7115,tr
7116,en
7117,en
7118,en
7119,pl
7120,en
7121,en
7122,en
7123,in
7124,es
7125,en
7126,ja
7127,und
7128,en
7129,en
7130,pl
7131,en
7132,fr
7133,en
7134,en
7135,in
7136,pl
7137,tr
7138,es
7139,es
7140,en
7141,en
7142,en
7143,en
7144,en
7145,en
7146,en
7147,en
7148,tl
7149,en
7150,ja
7151,es
7152,tr
7153,und
7154,es
7155,en
7156,en
7157,th
7158,en
7159,pt
7160,tr
7161,es
7162,en
7163,pt
7164,es
7165,pl
7166,fr
7167,en
7168,fr
7169,en
7170,en
7171,en
7172,en
7173,en
7174,en
7175,es
7176,en
7177,en
7178,en
7179,pl
7180,en
7181,en
7182,pl
7183,en
7184,und
7185,es
7186,en
7187,tl
7188,tr
7189,ca
7190,en
7191,en
7192,en
7193,en
7194,en
7195,es
7196,en
7197,en
7198,pt
7199,es
7200,und
7201,en
7202,en
7203,en
7204,en
7205,tr
7206,fr
7207,en
7208,en
7209,es
7210,pt
7211,en
7212,en
7213,en
7214,en
7215,en
7216,es
7217,fr
7218,en
7219,en
7220,ja
7221,pt
7222,en
7223,es
7224,en
7225,pt
7226,tr
7227,fr
7228,en
7229,en
7230,fr
7231,en
7232,pt
7233,en
7234,en
7235,fr
7236,es
7237,en
7238,es
7239,und
7240,en
7241,en
7242,fr
7243,pt
7244,tl
7245,en
7246,en
7247,en
7248,en
7249,en
7250,en
7251,fr
7252,und
7253,es
7254,en
7255,en
7256,und
7257,pt
7258,fr
7259,in
7260,pt
7261,und
7262,en
7263,pt
7264,pt
7265,fr
7266,es
7267,en
7268,en
7269,en
7270,pt
7271,pl
7272,en
7273,en
7274,en
7275,en
7276,en
7277,tr
7278,es
7279,en
7280,en
7281,tl
7282,en
7283,en
7284,en
7285,tr
7286,ca
7287,pt
7288,en
7289,en
7290,en
7291,en
7292,es
7293,en
7294,tl
7295,en
7296,pt
7297,en
7298,es
7299,en
7300,ca
7301,ja
7302,es
7303,en
7304,und
7305,und
7306,es
7307,en
7308,en
7309,en
7310,en
7311,en
7312,en
7313,en
7314,en
7315,en
7316,en
7317,tr
7318,tr
7319,en
7320,pt
7321,en
7322,en
7323,en
7324,en
7325,en
7326,en
7327,pt
7328,en
7329,fr
7330,en
7331,en
7332,en
7333,en
7334,en
7335,en
7336,pt
7337,pl
7338,en
7339,pt
7340,es
7341,ja
7342,en
7343,it
7344,en
7345,en
7346,und
7347,es
7348,in
7349,en
7350,en
7351,en
7352,en
7353,en
7354,en
7355,en
7356,pt
7357,en
7358,ca
7359,pt
7360,en
7361,en
7362,en
7363,fr
7364,en
7365,en
7366,en
7367,en
7368,es
7369,in
7370,es
7371,ja
7372,nl
7373,pl
7374,pt
7375,es
7376,en
7377,en
7378,en
7379,en
7380,en
7381,fr
7382,es
7383,fr
7384,en
7385,en
7386,es
7387,en
7388,en
7389,en
7390,es
7391,en
7392,en
7393,it
7394,pt
7395,fr
7396,en
7397,en
7398,en
7399,en
7400,es
7401,es
7402,tl
7403,en
7404,es
7405,en
7406,en
7407,en
7408,en
7409,vi
7410,en
7411,en
7412,es
7413,en
7414,pt
7415,en
7416,en
7417,es
7418,en
7419,en
7420,tr
7421,es
7422,en
7423,en
7424,en
7425,vi
7426,en
7427,es
7428,pt
7429,en
7430,en
7431,en
7432,en
7433,en
7434,es
7435,es
7436,en
7437,en
7438,en
7439,es
7440,ja
7441,und
7442,pt
7443,es
7444,en
7445,en
7446,pt
7447,en
7448,en
7449,en
7450,en
7451,en
7452,en
7453,en
7454,th
7455,en
7456,en
7457,en
7458,en
7459,es
7460,fr
7461,en
7462,en
7463,en
7464,fr
7465,en
7466,en
7467,en
7468,en
7469,es
7470,en
7471,pt
7472,en
7473,en
7474,en
7475,fr
7476,es
7477,en
7478,pt
7479,en
7480,in
7481,en
7482,en
7483,en
7484,sr
7485,en
7486,en
7487,es
7488,en
7489,et
7490,fr
7491,en
7492,en
7493,en
7494,en
7495,en
7496,pt
7497,en
7498,tr
7499,tr
7500,en
7501,en
7502,en
7503,es
7504,en
7505,es
7506,en
7507,tl
7508,pt
7509,en
7510,fr
7511,es
7512,en
7513,en
7514,en
7515,en
7516,en
7517,en
7518,tr
7519,es
7520,en
7521,pt
7522,es
7523,und
7524,tl
7525,pt
7526,es
7527,en
7528,en
7529,ja
7530,en
7531,en
7532,en
7533,en
7534,en
7535,en
7536,fr
7537,und
7538,en
7539,en
7540,tr
7541,en
7542,tr
7543,en
7544,en
7545,und
7546,en
7547,en
7548,en
7549,en
7550,en
7551,ru
7552,en
7553,en
7554,en
7555,tr
7556,en
7557,en
7558,en
7559,en
7560,en
7561,en
7562,en
7563,en
7564,en
7565,en
7566,en
7567,en
7568,es
7569,ko
7570,en
7571,en
7572,tr
7573,es
7574,en
7575,es
7576,en
7577,ca
7578,en
7579,es
7580,fr
7581,es
7582,ja
7583,en
7584,en
7585,en
7586,tr
7587,en
7588,fr
7589,en
7590,es
7591,en
7592,en
7593,en
7594,ja
7595,en
7596,el
7597,ca
7598,fr
7599,pl
7600,en
7601,en
7602,en
7603,in
7604,en
7605,pt
7606,en
7607,fr
7608,pt
7609,en
7610,en
7611,en
7612,en
7613,pt
7614,en
7615,en
7616,en
7617,en
7618,en
7619,in
7620,en
7621,en
7622,en
7623,es
7624,en
7625,und
7626,ja
7627,es
7628,en
7629,en
7630,it
7631,en
7632,en
7633,pt
7634,en
7635,nl
7636,tr
7637,it
7638,und
7639,en
7640,it
7641,es
7642,en
7643,vi
7644,en
7645,en
7646,tr
7647,en
7648,en
7649,th
7650,en
7651,pt
7652,hi
7653,en
7654,en
7655,es
7656,en
7657,en
7658,es
7659,en
7660,en
7661,en
7662,en
7663,tr
7664,en
7665,en
7666,tr
7667,en
7668,es
7669,en
7670,pt
7671,tr
7672,fr
7673,pl
7674,fr
7675,pt
7676,en
7677,en
7678,fr
7679,en
7680,en
7681,en
7682,en
7683,pl
7684,und
7685,fr
7686,en
7687,ca
7688,ja
7689,en
7690,en
7691,en
7692,it
7693,de
7694,es
7695,pt
7696,fr
7697,tr
7698,en
7699,tr
7700,en
7701,en
7702,en
7703,tr
7704,fr
7705,en
7706,en
7707,en
7708,tr
7709,en
7710,en
7711,pt
7712,en
7713,en
7714,pt
7715,en
7716,en
7717,tr
7718,es
7719,en
7720,fr
7721,en
7722,tr
7723,fr
7724,tl
7725,en
7726,en
7727,en
7728,pt
7729,en
7730,en
7731,pt
7732,en
7733,en
7734,en
7735,th
7736,es
7737,en
7738,fr
7739,en
7740,fr
7741,en
7742,en
7743,en
7744,en
7745,en
7746,en
7747,ja
7748,en
7749,es
7750,es
7751,en
7752,tr
7753,pt
7754,en
7755,en
7756,pt
7757,en
7758,pt
7759,en
7760,es
7761,ca
7762,en
7763,und
7764,en
7765,en
7766,en
7767,en
7768,en
7769,es
7770,pl
7771,th
7772,tr
7773,fr
7774,es
7775,es
7776,en
7777,pt
7778,en
7779,pt
7780,en
7781,fr
7782,pt
7783,en
7784,fr
7785,tr
7786,en
7787,en
7788,en
7789,en
7790,ja
7791,en
7792,en
7793,en
7794,es
7795,en
7796,en
7797,ja
7798,es
7799,en
7800,fr
7801,en
7802,en
7803,th
7804,en
7805,en
7806,es
7807,en
7808,tr
7809,es
7810,fr
7811,en
7812,es
7813,en
7814,en
7815,pt
7816,en
7817,en
7818,en
7819,en
7820,en
7821,en
7822,in
7823,en
7824,tl
7825,pt
7826,pt
7827,es
7828,it
7829,en
7830,pt
7831,es
7832,en
7833,es
7834,tr
7835,pt
7836,en
7837,pt
7838,en
7839,es
7840,en
7841,es
7842,en
7843,pt
7844,es
7845,en
7846,en
7847,pt
7848,es
7849,en
7850,en
7851,en
7852,en
7853,en
7854,es
7855,und
7856,en
7857,en
7858,es
7859,en
7860,in
7861,en
7862,pt
7863,es
7864,ja
7865,tr
7866,es
7867,pt
7868,pt
7869,en
7870,es
7871,en
7872,en
7873,en
7874,tr
7875,en
7876,es
7877,en
7878,en
7879,en
7880,en
7881,en
7882,en
7883,en
7884,en
7885,en
7886,es
7887,ja
7888,pt
7889,en
7890,en
7891,es
7892,en
7893,en
7894,en
7895,es
7896,tr
7897,en
7898,en
7899,es
7900,en
7901,en
7902,en
7903,en
7904,en
7905,en
7906,tr
7907,es
7908,en
7909,en
7910,en
7911,en
7912,en
7913,en
7914,in
7915,en
7916,en
7917,en
7918,tr
7919,en
7920,ca
7921,pl
7922,en
7923,pt
7924,ja
7925,en
7926,pt
7927,en
7928,en
7929,es
7930,th
7931,en
7932,en
7933,fr
7934,es
7935,pt
7936,en
7937,en
7938,en
7939,en
7940,ja
7941,en
7942,es
7943,en
7944,tr
7945,en
7946,tl
7947,en
7948,en
7949,en
7950,en
7951,en
7952,en
7953,en
7954,en
7955,es
7956,tr
7957,pt
7958,fr
7959,en
7960,en
7961,en
7962,fr
7963,pt
7964,en
7965,tr
7966,en
7967,en
7968,en
7969,en
7970,en
7971,en
7972,en
7973,en
7974,en
7975,en
7976,en
7977,pt
7978,tr
7979,en
7980,en
7981,en
7982,es
7983,en
7984,en
7985,und
7986,pt
7987,tr
7988,en
7989,fr
7990,en
7991,in
7992,en
7993,en
7994,pt
7995,ca
7996,pt
7997,en
7998,fr
7999,en
8000,tl
8001,tr
8002,en
8003,es
8004,en
8005,en
8006,en
8007,en
8008,en
8009,pt
8010,en
8011,en
8012,ja
8013,es
8014,en
8015,en
8016,fr
8017,en
8018,en
8019,en
8020,en
8021,en
8022,es
8023,es
8024,en
8025,en
8026,en
8027,en
8028,en
8029,en
8030,tr
8031,ar
8032,en
8033,en
8034,en
8035,en
8036,en
8037,en
8038,en
8039,en
8040,en
8041,en
8042,en
8043,en
8044,en
8045,en
8046,tl
8047,ja
8048,und
8049,en
8050,en
8051,fr
8052,en
8053,en
8054,es
8055,hi
8056,en
8057,en
8058,en
8059,en
8060,en
8061,en
8062,en
8063,en
8064,en
8065,en
8066,en
8067,en
8068,en
8069,en
8070,en
8071,en
8072,da
8073,en
8074,en
8075,es
8076,en
8077,en
8078,en
8079,it
8080,en
8081,es
8082,en
8083,fr
8084,en
8085,en
8086,en
8087,tl
8088,en
8089,tr
8090,en
8091,en
8092,es
8093,en
8094,en
8095,en
8096,en
8097,en
8098,en
8099,en
8100,ca
8101,en
8102,en
8103,fr
8104,ca
8105,pt
8106,en
8107,und
8108,es
8109,en
8110,en
8111,en
8112,en
8113,en
8114,en
8115,en
8116,en
8117,en
8118,en
8119,en
8120,und
8121,en
8122,pt
8123,es
8124,de
8125,en
8126,en
8127,en
8128,en
8129,en
8130,es
8131,en
8132,fr
8133,ca
8134,en
8135,en
8136,en
8137,en
8138,en
8139,pt
8140,it
8141,en
8142,en
8143,und
8144,es
8145,en
8146,pt
8147,ko
8148,en
8149,en
8150,en
8151,en
8152,en
8153,en
8154,en
8155,en
8156,en
8157,it
8158,et
8159,it
8160,fr
8161,en
8162,tr
8163,en
8164,en
8165,en
8166,ja
8167,en
8168,en
8169,tr
8170,ja
8171,en
8172,pl
8173,en
8174,en
8175,en
8176,pt
8177,it
8178,en
8179,fr
8180,ja
8181,en
8182,en
8183,en
8184,en
8185,pt
8186,en
8187,es
8188,ja
8189,it
8190,en
8191,ja
8192,en
8193,en
8194,en
8195,ja
8196,pl
8197,en
8198,en
8199,en
8200,en
8201,en
8202,fr
8203,en
8204,ja
8205,en
8206,fr
8207,en
8208,en
8209,th
8210,und
8211,es
8212,en
8213,es
8214,en
8215,en
8216,tr
8217,en
8218,en
8219,es
8220,es
8221,fr
8222,es
8223,en
8224,und
8225,en
8226,en
8227,en
8228,en
8229,en
8230,en
8231,en
8232,en
8233,tl
8234,en
8235,es
8236,vi
8237,es
8238,en
8239,en
8240,en
8241,es
8242,en
8243,en
8244,ja
8245,en
8246,en
8247,en
8248,en
8249,en
8250,es
8251,pt
8252,en
8253,en
8254,en
8255,en
8256,tr
8257,en
8258,en
8259,in
8260,en
8261,en
8262,en
8263,und
8264,fr
8265,en
8266,es
8267,pt
8268,es
8269,es
8270,en
8271,en
8272,es
8273,es
8274,ko
8275,en
8276,en
8277,en
8278,en
8279,pt
8280,ca
8281,fr
8282,en
8283,en
8284,ko
8285,en
8286,ko
8287,en
8288,en
8289,en
8290,ja
8291,en
8292,en
8293,und
8294,en
8295,en
8296,en
8297,en
8298,en
8299,en
8300,en
8301,tr
8302,ko
8303,pt
8304,en
8305,en
8306,en
8307,en
8308,en
8309,en
8310,pt
8311,en
8312,en
8313,en
8314,en
8315,es
8316,fr
8317,en
8318,en
8319,en
8320,it
8321,en
8322,und
8323,tr
8324,en
8325,en
8326,fr
8327,en
8328,en
8329,und
8330,es
8331,und
8332,en
8333,in
8334,en
8335,en
8336,ja
8337,en
8338,hi
8339,ko
8340,en
8341,tr
8342,tr
8343,en
8344,en
8345,tr
8346,en
8347,en
8348,en
8349,en
8350,en
8351,tr
8352,en
8353,en
8354,en
8355,es
8356,en
8357,en
8358,en
8359,en
8360,en
8361,en
8362,en
8363,en
8364,en
8365,ko
8366,tr
8367,en
8368,es
8369,en
8370,en
8371,en
8372,en
8373,en
8374,th
8375,en
8376,en
8377,en
8378,en
8379,en
8380,en
8381,en
8382,ja
8383,en
8384,es
8385,en
8386,es
8387,en
8388,en
8389,en
8390,en
8391,en
8392,en
8393,en
8394,en
8395,en
8396,en
8397,en
8398,es
8399,en
8400,en
8401,es
8402,en
8403,en
8404,en
8405,th
8406,en
8407,tr
8408,en
8409,tr
8410,ca
8411,en
8412,en
8413,ja
8414,pt
8415,en
8416,es
8417,fr
8418,en
8419,en
8420,und
8421,en
8422,en
8423,vi
8424,en
8425,en
8426,en
8427,es
8428,en
8429,es
8430,en
8431,it
8432,pt
8433,in
8434,en
8435,ja
8436,it
8437,en
8438,en
8439,pl
8440,pt
8441,fr
8442,en
8443,tr
8444,en
8445,es
8446,it
8447,und
8448,pt
8449,de
8450,en
8451,en
8452,en
8453,en
8454,es
8455,tr
8456,en
8457,en
8458,en
8459,fr
8460,en
8461,en
8462,und
8463,en
8464,en
8465,en
8466,en
8467,it
8468,es
8469,en
8470,en
8471,en
8472,en
8473,en
8474,en
8475,es
8476,es
8477,vi
8478,es
8479,en
8480,en
8481,en
8482,en
8483,en
8484,en
8485,ko
8486,en
8487,en
8488,en
8489,en
8490,fr
8491,en
8492,en
8493,fr
8494,en
8495,pt
8496,und
8497,pl
8498,en
8499,en
8500,en
8501,en
8502,fr
8503,th
8504,en
8505,en
8506,en
8507,en
8508,tr
8509,ja
8510,en
8511,es
8512,in
8513,en
8514,pl
8515,en
8516,tr
8517,en
8518,es
8519,en
8520,es
8521,en
8522,en
8523,en
8524,in
8525,es
8526,en
8527,en
8528,en
8529,pt
8530,en
8531,en
8532,en
8533,ja
8534,fr
8535,en
8536,pt
8537,th
8538,en
8539,en
8540,en
8541,pt
8542,und
8543,en
8544,en
8545,fr
8546,en
8547,tr
8548,es
8549,en
8550,es
8551,en
8552,en
8553,en
8554,es
8555,en
8556,en
8557,en
8558,pt
8559,es
8560,en
8561,fa
8562,en
8563,en
8564,en
8565,es
8566,en
8567,tl
8568,fr
8569,und
8570,fr
8571,tr
8572,th
8573,pt
8574,en
8575,it
8576,es
8577,tl
8578,en
8579,en
8580,es
8581,en
8582,en
8583,es
8584,ja
8585,pt
8586,en
8587,en
8588,en
8589,en
8590,tr
8591,es
8592,tr
8593,ca
8594,tr
8595,en
8596,pt
8597,in
8598,en
8599,en
8600,en
8601,en
8602,es
8603,en
8604,pt
8605,pt
8606,en
8607,en
8608,en
8609,es
8610,pt
8611,pt
8612,en
8613,fr
8614,tr
8615,en
8616,es
8617,es
8618,en
8619,en
8620,en
8621,vi
8622,en
8623,en
8624,pt
8625,en
8626,tr
8627,en
8628,tr
8629,en
8630,en
8631,en
8632,en
8633,fr
8634,en
8635,en
8636,ja
8637,en
8638,es
8639,en
8640,en
8641,pl
8642,en
8643,ca
8644,en
8645,in
8646,tr
8647,en
8648,ja
8649,pt
8650,en
8651,en
8652,en
8653,es
8654,ca
8655,en
8656,pt
8657,en
8658,tr
8659,en
8660,es
8661,pt
8662,tr
8663,ca
8664,pt
8665,tr
8666,en
8667,en
8668,en
8669,pl
8670,es
8671,en
8672,es
8673,en
8674,en
8675,en
8676,it
8677,en
8678,pt
8679,ca
8680,ja
8681,fr
8682,pt
8683,es
8684,en
8685,en
8686,en
8687,en
8688,es
8689,en
8690,en
8691,und
8692,en
8693,en
8694,en
8695,en
8696,en
8697,en
8698,en
8699,en
8700,en
8701,en
8702,fr
8703,en
8704,en
8705,en
8706,es
8707,es
8708,en
8709,en
8710,en
8711,sv
8712,en
8713,vi
8714,en
8715,en
8716,en
8717,en
8718,en
8719,es
8720,en
8721,es
8722,en
8723,ja
8724,en
8725,en
8726,fr
8727,ja
8728,es
8729,en
8730,en
8731,it
8732,en
8733,en
8734,es
8735,en
8736,en
8737,pl
8738,es
8739,en
8740,tr
8741,es
8742,tr
8743,ca
8744,en
8745,es
8746,pt
8747,en
8748,es
8749,tl
8750,es
8751,en
8752,en
8753,es
8754,en
8755,es
8756,en
8757,de
8758,en
8759,en
8760,en
8761,en
8762,es
8763,en
8764,en
8765,en
8766,en
8767,en
8768,hi
8769,es
8770,en
8771,it
8772,en
8773,es
8774,tl
8775,en
8776,en
8777,en
8778,pt
8779,en
8780,es
8781,en
8782,en
8783,en
8784,es
8785,es
8786,pt
8787,pt
8788,en
8789,es
8790,en
8791,en
8792,ko
8793,fr
8794,pt
8795,tr
8796,fr
8797,tr
8798,en
8799,pt
8800,en
8801,pt
8802,en
8803,es
8804,tr
8805,en
8806,pt
8807,en
8808,it
8809,in
8810,es
8811,it
8812,en
8813,en
8814,hi
8815,en
8816,it
8817,en
8818,en
8819,ja
8820,en
8821,fr
8822,en
8823,en
8824,en
8825,en
8826,en
8827,ja
8828,en
8829,en
8830,en
8831,en
8832,en
8833,it
8834,en
8835,pt
8836,pt
8837,en
8838,en
8839,tr
8840,en
8841,fr
8842,en
8843,und
8844,en
8845,en
8846,en
8847,en
8848,es
8849,en
8850,en
8851,en
8852,en
8853,en
8854,in
8855,fr
8856,es
8857,es
8858,en
8859,pt
8860,tr
8861,und
8862,und
8863,en
8864,en
8865,in
8866,en
8867,und
8868,en
8869,ja
8870,es
8871,pt
8872,en
8873,en
8874,en
8875,en
8876,en
8877,es
8878,pt
8879,und
8880,en
8881,fr
8882,en
8883,en
8884,es
8885,en
8886,pt
8887,en
8888,hi
8889,es
8890,tr
8891,en
8892,es
8893,tr
8894,en
8895,en
8896,en
8897,und
8898,fr
8899,en
8900,en
8901,es
8902,it
8903,en
8904,pt
8905,en
8906,en
8907,en
8908,in
8909,en
8910,en
8911,zh
8912,vi
8913,pt
8914,und
8915,en
8916,en
8917,en
8918,en
8919,es
8920,en
8921,en
8922,es
8923,pt
8924,es
8925,es
8926,en
8927,en
8928,en
8929,en
8930,en
8931,ja
8932,en
8933,en
8934,en
8935,en
8936,und
8937,pt
8938,en
8939,pt
8940,pt
8941,en
8942,es
8943,es
8944,es
8945,en
8946,en
8947,pt
8948,tr
8949,en
8950,en
8951,pt
8952,en
8953,en
8954,en
8955,en
8956,ja
8957,en
8958,en
8959,es
8960,en
8961,pl
8962,pt
8963,en
8964,en
8965,tr
8966,en
8967,es
8968,en
8969,en
8970,de
8971,en
8972,fr
8973,en
8974,es
8975,en
8976,pl
8977,hi
8978,en
8979,en
8980,en
8981,th
8982,pt
8983,en
8984,en
8985,en
8986,tr
8987,pl
8988,pt
8989,en
8990,en
8991,en
8992,en
8993,en
8994,es
8995,en
8996,en
8997,tl
8998,en
8999,en
9000,en
9001,en
9002,pt
9003,fr
9004,en
9005,de
9006,es
9007,en
9008,en
9009,pl
9010,ja
9011,en
9012,en
9013,tr
9014,en
9015,en
9016,en
9017,en
9018,es
9019,en
9020,en
9021,es
9022,en
9023,es
9024,en
9025,it
9026,tr
9027,tr
9028,it
9029,en
9030,en
9031,es
9032,pl
9033,tr
9034,en
9035,pt
9036,fr
9037,eu
9038,en
9039,es
9040,en
9041,tr
9042,en
9043,en
9044,en
9045,mr
9046,en
9047,en
9048,en
9049,hi
9050,en
9051,en
9052,en
9053,en
9054,pt
9055,ja
9056,es
9057,en
9058,en
9059,es
9060,pt
9061,en
9062,fr
9063,en
9064,en
9065,en
9066,fr
9067,en
9068,es
9069,pt
9070,en
9071,pt
9072,es
9073,und
9074,en
9075,es
9076,en
9077,en
9078,en
9079,es
9080,en
9081,ja
9082,en
9083,tr
9084,ca
9085,en
9086,fr
9087,ja
9088,en
9089,pt
9090,en
9091,en
9092,es
9093,es
9094,es
9095,en
9096,en
9097,es
9098,en
9099,en
9100,fr
9101,en
9102,pt
9103,es
9104,es
9105,en
9106,es
9107,es
9108,en
9109,en
9110,en
9111,es
9112,en
9113,en
9114,tr
9115,en
9116,en
9117,en
9118,en
9119,en
9120,in
9121,en
9122,en
9123,en
9124,en
9125,es
9126,sv
9127,en
9128,und
9129,es
9130,es
9131,en
9132,en
9133,en
9134,tr
9135,en
9136,es
9137,en
9138,en
9139,vi
9140,pt
9141,es
9142,es
9143,en
9144,fr
9145,en
9146,en
9147,en
9148,en
9149,en
9150,en
9151,pt
9152,cs
9153,en
9154,ja
9155,en
9156,en
9157,en
9158,en
9159,en
9160,en
9161,en
9162,en
9163,und
9164,pt
9165,fr
9166,it
9167,es
9168,en
9169,ja
9170,es
9171,en
9172,en
9173,ht
9174,en
9175,en
9176,en
9177,en
9178,en
9179,en
9180,en
9181,en
9182,es
9183,en
9184,es
9185,es
9186,pt
9187,pt
9188,es
9189,en
9190,es
9191,pt
9192,en
9193,tr
9194,pt
9195,pl
9196,tl
9197,pl
9198,tr
9199,en
9200,tr
9201,it
9202,en
9203,en
9204,en
9205,en
9206,und
9207,en
9208,en
9209,en
9210,en
9211,en
9212,en
9213,en
9214,en
9215,th
9216,en
9217,ja
9218,en
9219,en
9220,pt
9221,en
9222,en
9223,en
9224,en
9225,und
9226,it
9227,en
9228,es
9229,en
9230,pt
9231,und
9232,en
9233,en
9234,es
9235,en
9236,en
9237,en
9238,en
9239,pt
9240,en
9241,en
9242,en
9243,en
9244,en
9245,es
9246,en
9247,en
9248,en
9249,es
9250,en
9251,it
9252,en
9253,fr
9254,es
9255,es
9256,en
9257,en
9258,ja
9259,en
9260,en
9261,en
9262,es
9263,en
9264,en
9265,en
9266,tr
9267,en
9268,es
9269,en
9270,en
9271,en
9272,en
9273,en
9274,es
9275,en
9276,en
9277,es
9278,en
9279,en
9280,en
9281,en
9282,en
9283,tr
9284,en
9285,pt
9286,en
9287,en
9288,no
9289,en
9290,es
9291,en
9292,ja
9293,en
9294,es
9295,en
9296,en
9297,en
9298,en
9299,en
9300,en
9301,en
9302,en
9303,it
9304,en
9305,und
9306,und
9307,en
9308,en
9309,fr
9310,en
9311,en
9312,tr
9313,en
9314,en
9315,en
9316,en
9317,en
9318,ja
9319,en
9320,en
9321,en
9322,en
9323,pt
9324,en
9325,pt
9326,en
9327,en
9328,en
9329,ja
9330,fr
9331,en
9332,fr
9333,tr
9334,pl
9335,en
9336,en
9337,und
9338,es
9339,en
9340,en
9341,en
9342,ja
9343,en
9344,pt
9345,pt
9346,en
9347,en
9348,en
9349,en
9350,ja
9351,es
9352,en
9353,ja
9354,en
9355,en
9356,en
9357,en
9358,pt
9359,en
9360,en
9361,en
9362,tr
9363,und
9364,en
9365,en
9366,es
9367,en
9368,en
9369,en
9370,vi
9371,es
9372,ro
9373,it
9374,en
9375,es
9376,en
9377,pt
9378,en
9379,en
9380,en
9381,en
9382,en
9383,en
9384,en
9385,tr
9386,en
9387,en
9388,in
9389,en
9390,en
9391,tr
9392,en
9393,ja
9394,es
9395,en
9396,en
9397,en
9398,en
9399,pt
9400,tr
9401,es
9402,en
9403,en
9404,pt
9405,en
9406,en
9407,en
9408,es
9409,en
9410,en
9411,en
9412,es
9413,fr
9414,en
9415,en
9416,en
9417,pt
9418,en
9419,es
9420,und
9421,fr
9422,fr
9423,pt
9424,en
9425,en
9426,en
9427,en
9428,en
9429,en
9430,en
9431,en
9432,en
9433,en
9434,es
9435,hi
9436,it
9437,pt
9438,en
9439,tr
9440,en
9441,en
9442,ja
9443,en
9444,en
9445,en
9446,en
9447,en
9448,tr
9449,en
9450,en
9451,en
9452,en
9453,es
9454,ja
9455,es
9456,sv
9457,et
9458,es
9459,en
9460,pt
9461,en
9462,en
9463,tr
9464,und
9465,en
9466,en
9467,en
9468,th
9469,en
9470,en
9471,pl
9472,en
9473,es
9474,en
9475,en
9476,en
9477,th
9478,en
9479,it
9480,tr
9481,th
9482,pl
9483,en
9484,fr
9485,tr
9486,tr
9487,en
9488,es
9489,en
9490,en
9491,pt
9492,en
9493,is
9494,en
9495,en
9496,es
9497,en
9498,und
9499,en
9500,en
9501,en
9502,en
9503,en
9504,en
9505,pt
9506,en
9507,en
9508,it
9509,en
9510,en
9511,en
9512,pt
9513,en
9514,und
9515,es
9516,es
9517,en
9518,pt
9519,en
9520,en
9521,en
9522,en
9523,en
9524,en
9525,tr
9526,es
9527,en
9528,en
9529,tr
9530,en
9531,es
9532,pt
9533,pt
9534,tl
9535,pt
9536,tr
9537,en
9538,en
9539,en
9540,en
9541,en
9542,en
9543,en
9544,en
9545,es
9546,en
9547,en
9548,en
9549,en
9550,en
9551,en
9552,tl
9553,en
9554,en
9555,en
9556,en
9557,en
9558,tr
9559,es
9560,tr
9561,en
9562,en
9563,en
9564,en
9565,en
9566,en
9567,en
9568,en
9569,en
9570,es
9571,fr
9572,en
9573,en
9574,en
9575,en
9576,pt
9577,ja
9578,en
9579,en
9580,es
9581,en
9582,en
9583,es
9584,en
9585,en
9586,fr
9587,en
9588,en
9589,es
9590,en
9591,ko
9592,en
9593,en
9594,en
9595,en
9596,fa
9597,fr
9598,fr
9599,en
9600,en
9601,en
9602,es
9603,en
9604,es
9605,en
9606,es
9607,en
9608,en
9609,en
9610,en
9611,en
9612,tr
9613,en
9614,en
9615,en
9616,en
9617,und
9618,es
9619,it
9620,en
9621,en
9622,en
9623,in
9624,tr
9625,und
9626,en
9627,it
9628,en
9629,en
9630,cs
9631,en
9632,en
9633,es
9634,in
9635,en
9636,tr
9637,en
9638,en
9639,en
9640,en
9641,es
9642,ru
9643,ja
9644,en
9645,en
9646,lv
9647,en
9648,en
9649,en
9650,en
9651,und
9652,en
9653,en
9654,en
9655,en
9656,tr
9657,es
9658,en
9659,en
9660,en
9661,fr
9662,en
9663,en
9664,en
9665,en
9666,en
9667,en
9668,en
9669,en
9670,en
9671,en
9672,es
9673,en
9674,en
9675,en
9676,pt
9677,en
9678,en
9679,en
9680,ja
9681,en
9682,en
9683,tr
9684,es
9685,en
9686,ja
9687,en
9688,en
9689,und
9690,pt
9691,en
9692,it
9693,en
9694,en
9695,en
9696,es
9697,en
9698,en
9699,tr
9700,en
9701,en
9702,und
9703,en
9704,en
9705,en
9706,pt
9707,en
9708,es
9709,en
9710,en
9711,en
9712,en
9713,fr
9714,tr
9715,es
9716,en
9717,it
9718,en
9719,en
9720,und
9721,en
9722,en
9723,pt
9724,en
9725,es
9726,en
9727,en
9728,es
9729,en
9730,en
9731,en
9732,en
9733,es
9734,en
9735,en
9736,it
9737,tr
9738,tr
9739,en
9740,en
9741,en
9742,pt
9743,en
9744,en
9745,en
9746,en
9747,th
9748,es
9749,en
9750,en
9751,en
9752,es
9753,en
9754,en
9755,en
9756,pl
9757,pt
9758,es
9759,es
9760,sv
9761,en
9762,ko
9763,en
9764,en
9765,en
9766,en
9767,es
9768,tr
9769,en
9770,en
9771,en
9772,fr
9773,en
9774,tr
9775,en
9776,en
9777,fr
9778,en
9779,es
9780,en
9781,fr
9782,tr
9783,en
9784,en
9785,es
9786,fr
9787,en
9788,es
9789,es
9790,fr
9791,en
9792,en
9793,fr
9794,it
9795,en
9796,es
9797,en
9798,fr
9799,en
9800,pt
9801,en
9802,fr
9803,en
9804,en
9805,en
9806,en
9807,ja
9808,en
9809,en
9810,it
9811,en
9812,es
9813,und
9814,en
9815,en
9816,fr
9817,es
9818,en
9819,en
9820,en
9821,en
9822,da
9823,in
9824,en
9825,en
9826,en
9827,en
9828,und
9829,en
9830,en
9831,fr
9832,en
9833,en
9834,pt
9835,pt
9836,pt
9837,und
9838,es
9839,ko
9840,fr
9841,fr
9842,en
9843,ja
9844,en
9845,en
9846,it
9847,es
9848,it
9849,es
9850,und
9851,en
9852,en
9853,en
9854,en
9855,fr
9856,en
9857,en
9858,es
9859,tr
9860,es
9861,pt
9862,es
9863,en
9864,en
9865,en
9866,en
9867,en
9868,en
9869,en
9870,es
9871,pt
9872,en
9873,en
9874,pt
9875,en
9876,vi
9877,tr
9878,en
9879,en
9880,es
9881,en
9882,en
9883,en
9884,en
9885,pt
9886,es
9887,en
9888,fr
9889,es
9890,cs
9891,en
9892,en
9893,ja
9894,it
9895,es
9896,en
9897,tl
9898,de
9899,pt
9900,en
9901,en
9902,en
9903,en
9904,en
9905,es
9906,tl
9907,es
9908,en
9909,en
9910,ja
9911,en
9912,en
9913,ja
9914,en
9915,en
9916,en
9917,en
9918,es
9919,ja
9920,es
9921,pt
9922,en
9923,en
9924,en
9925,en
9926,en
9927,und
9928,en
9929,es
9930,en
9931,en
9932,en
9933,en
9934,en
9935,tr
9936,en
9937,en
9938,en
9939,en
9940,en
9941,es
9942,tl
9943,es
9944,tr
9945,tl
9946,en
9947,en
9948,tr
9949,en
9950,en
9951,en
9952,en
9953,en
9954,en
9955,ca
9956,en
9957,es
9958,es
9959,en
9960,en
9961,en
9962,en
9963,es
9964,es
9965,fr
9966,ko
9967,es
9968,es
9969,en
9970,es
9971,en
9972,en
9973,en
9974,en
9975,en
9976,en
9977,en
9978,fr
9979,pl
9980,en
9981,en
9982,en
9983,en
9984,en
9985,en
9986,it
9987,en
9988,en
9989,en
9990,en
9991,en
9992,ca
9993,en
9994,en
9995,es
9996,en
9997,en
9998,en
9999,en
10000,en
10001,en
10002,en
10003,ja
10004,it
10005,es
10006,es
10007,en
10008,und
10009,en
10010,fr
10011,es
10012,en
10013,en
10014,en
10015,en
10016,en
10017,tr
10018,pt
10019,es
10020,en
10021,en
10022,en
10023,en
10024,en
10025,es
10026,tr
10027,es
10028,en
10029,en
10030,tr
10031,en
10032,en
10033,en
10034,fr
10035,es
10036,et
10037,en
10038,pt
10039,en
10040,ca
10041,ca
10042,en
10043,en
10044,en
10045,en
10046,es
10047,en
10048,es
10049,es
10050,pt
10051,en
10052,ja
10053,fr
10054,pt
10055,es
10056,en
10057,en
10058,en
10059,fr
10060,en
10061,en
10062,en
10063,en
10064,es
10065,en
10066,en
10067,en
10068,en
10069,en
10070,en
10071,en
10072,en
10073,en
10074,en
10075,en
10076,en
10077,pt
10078,en
10079,en
10080,en
10081,en
10082,en
10083,en
10084,en
10085,en
10086,es
10087,fr
10088,en
10089,tr
10090,es
10091,en
10092,es
10093,es
10094,hi
10095,es
10096,en
10097,en
10098,en
10099,en
10100,en
10101,en
10102,es
10103,pt
10104,in
10105,en
10106,tr
10107,en
10108,en
10109,de
10110,es
10111,en
10112,en
10113,en
10114,en
10115,en
10116,en
10117,en
10118,en
10119,en
10120,en
10121,en
10122,en
10123,tr
10124,tr
10125,en
10126,en
10127,en
10128,en
10129,en
10130,es
10131,en
10132,pt
10133,en
10134,en
10135,en
10136,es
10137,es
10138,tr
10139,en
10140,en
10141,en
10142,pt
10143,ko
10144,es
10145,en
10146,en
10147,ja
10148,pt
10149,und
10150,pt
10151,ro
10152,es
10153,en
10154,en
10155,en
10156,es
10157,pt
10158,en
10159,en
10160,en
10161,en
10162,en
10163,en
10164,en
10165,en
10166,en
10167,en
10168,es
10169,es
10170,en
10171,en
10172,fr
10173,und
10174,en
10175,en
10176,und
10177,en
10178,en
10179,en
10180,en
10181,en
10182,es
10183,es
10184,en
10185,en
10186,ja
10187,en
10188,tl
10189,pt
10190,en
10191,in
10192,en
10193,ja
10194,es
10195,pt
10196,tr
10197,en
10198,en
10199,en
10200,en
10201,en
10202,en
10203,en
10204,pt
10205,es
10206,pt
10207,en
10208,en
10209,en
10210,en
10211,und
10212,es
10213,pt
10214,en
10215,en
10216,en
10217,pt
10218,tr
10219,en
10220,en
10221,en
10222,fr
10223,pt
10224,es
10225,en
10226,en
10227,en
10228,en
10229,en
10230,en
10231,es
10232,es
10233,en
10234,en
10235,pt
10236,en
10237,en
10238,pt
10239,en
10240,es
10241,en
10242,es
10243,en
10244,en
10245,en
10246,en
10247,en
10248,en
10249,en
10250,tl
10251,en
10252,und
10253,en
10254,es
10255,en
10256,en
10257,es
10258,tr
10259,en
10260,en
10261,en
10262,en
10263,en
10264,fr
10265,en
10266,cs
10267,en
10268,ja
10269,en
10270,en
10271,pt
10272,en
10273,en
10274,ja
10275,en
10276,es
10277,es
10278,en
10279,es
10280,en
10281,en
10282,en
10283,en
10284,en
10285,tr
10286,pt
10287,es
10288,en
10289,en
10290,en
10291,es
10292,en
10293,en
10294,en
10295,en
10296,pt
10297,en
10298,en
10299,th
10300,ca
10301,en
10302,pt
10303,en
10304,en
10305,en
10306,en
10307,en
10308,en
10309,en
10310,tr
10311,en
10312,en
10313,it
10314,pt
10315,tr
10316,und
10317,en
10318,es
10319,hi
10320,en
10321,en
10322,en
10323,en
10324,en
10325,en
10326,en
10327,en
10328,ca
10329,en
10330,en
10331,en
10332,en
10333,en
10334,en
10335,en
10336,pt
10337,tr
10338,en
10339,en
10340,en
10341,th
10342,en
10343,tl
10344,en
10345,en
10346,it
10347,en
10348,pt
10349,es
10350,en
10351,en
10352,en
10353,es
10354,en
10355,en
10356,en
10357,en
10358,tr
10359,en
10360,pt
10361,en
10362,fr
10363,en
10364,en
10365,tl
10366,pt
10367,fr
10368,en
10369,en
10370,en
10371,en
10372,en
10373,pt
10374,pt
10375,en
10376,fr
10377,pt
10378,ca
10379,en
10380,pt
10381,pt
10382,en
10383,en
10384,en
10385,en
10386,pt
10387,en
10388,en
10389,en
10390,pl
10391,pt
10392,en
10393,es
10394,in
10395,es
10396,es
10397,en
10398,pt
10399,en
10400,en
10401,en
10402,en
10403,en
10404,tr
10405,en
10406,en
10407,en
10408,en
10409,en
10410,en
10411,es
10412,en
10413,en
10414,en
10415,und
10416,en
10417,pt
10418,en
10419,en
10420,tr
10421,en
10422,en
10423,en
10424,en
10425,it
10426,es
10427,es
10428,en
10429,tr
10430,en
10431,es
10432,en
10433,en
10434,en
10435,ja
10436,es
10437,pt
10438,en
10439,fr
10440,en
10441,en
10442,en
10443,en
10444,pt
10445,fr
10446,en
10447,en
10448,en
10449,en
10450,en
10451,en
10452,en
10453,en
10454,es
10455,en
10456,en
10457,tr
10458,en
10459,es
10460,ja
10461,en
10462,en
10463,en
10464,en
10465,pt
10466,fr
10467,en
10468,ca
10469,en
10470,en
10471,en
10472,en
10473,pt
10474,en
10475,pt
10476,en
10477,en
10478,en
10479,en
10480,en
10481,en
10482,es
10483,en
10484,en
10485,no
10486,en
10487,en
10488,pt
10489,und
10490,en
10491,pt
10492,en
10493,en
10494,en
10495,pt
10496,fr
10497,en
10498,in
10499,ja
10500,pt
10501,en
10502,tr
10503,tr
10504,en
10505,en
10506,en
10507,en
10508,en
10509,en
10510,en
10511,en
10512,en
10513,en
10514,tr
10515,tr
10516,en
10517,pt
10518,it
10519,tr
10520,en
10521,es
10522,es
10523,tr
10524,pt
10525,en
10526,en
10527,pl
10528,es
10529,en
10530,en
10531,in
10532,pt
10533,en
10534,en
10535,en
10536,es
10537,en
10538,tr
10539,es
10540,pt
10541,en
10542,en
10543,en
10544,es
10545,en
10546,en
10547,tr
10548,en
10549,tr
10550,en
10551,en
10552,en
10553,tr
10554,en
10555,en
10556,en
10557,es
10558,es
10559,en
10560,tr
10561,en
10562,en
10563,ja
10564,it
10565,tr
10566,ja
10567,en
10568,tr
10569,en
10570,en
10571,en
10572,hu
10573,tr
10574,en
10575,es
10576,ja
10577,fr
10578,en
10579,en
10580,tr
10581,tr
10582,en
10583,en
10584,pt
10585,en
10586,es
10587,und
10588,en
10589,pt
10590,ko
10591,en
10592,vi
10593,en
10594,en
10595,en
10596,en
10597,es
10598,ja
10599,nl
10600,en
10601,en
10602,es
10603,en
10604,en
10605,es
10606,en
10607,en
10608,es
10609,en
10610,en
10611,en
10612,en
10613,en
10614,en
10615,en
10616,en
10617,en
10618,en
10619,en
10620,en
10621,und
10622,en
10623,pt
10624,en
10625,es
10626,en
10627,tr
10628,en
10629,en
10630,th
10631,pl
10632,en
10633,en
10634,en
10635,en
10636,es
10637,en
10638,en
10639,en
10640,en
10641,en
10642,ja
10643,en
10644,en
10645,en
10646,tr
10647,en
10648,pt
10649,th
10650,in
10651,in
10652,fr
10653,en
10654,tr
10655,en
10656,es
10657,en
10658,en
10659,en
10660,en
10661,en
10662,en
10663,en
10664,tr
10665,en
10666,en
10667,en
10668,tl
10669,en
10670,en
10671,nl
10672,en
10673,en
10674,en
10675,es
10676,en
10677,en
10678,en
10679,ro
10680,en
10681,en
10682,pt
10683,en
10684,en
10685,en
10686,pt
10687,it
10688,ca
10689,pt
10690,en
10691,fr
10692,en
10693,ro
10694,ja
10695,pt
10696,tr
10697,en
10698,es
10699,en
10700,en
10701,en
10702,fr
10703,en
10704,en
10705,en
10706,en
10707,en
10708,und
10709,en
10710,en
10711,en
10712,en
10713,tr
10714,en
10715,it
10716,en
10717,en
10718,es
10719,en
10720,en
10721,tr
10722,uk
10723,en
10724,ja
10725,en
10726,en
10727,en
10728,it
10729,en
10730,en
10731,en
10732,tl
10733,en
10734,th
10735,en
10736,en
10737,es
10738,en
10739,en
10740,en
10741,th
10742,fr
10743,ja
10744,pl
10745,es
10746,en
10747,it
10748,in
10749,en
10750,es
10751,en
10752,en
10753,en
10754,tr
10755,ca
10756,es
10757,en
10758,en
10759,en
10760,en
10761,en
10762,und
10763,und
10764,en
10765,ja
10766,fr
10767,tr
10768,en
10769,en
10770,en
10771,en
10772,ja
10773,en
10774,en
10775,fr
10776,tr
10777,en
10778,tr
10779,fr
10780,tr
10781,en
10782,en
10783,tl
10784,en
10785,es
10786,pl
10787,pt
10788,in
10789,en
10790,en
10791,es
10792,en
10793,es
10794,es
10795,en
10796,fr
10797,en
10798,es
10799,en
10800,en
10801,fr
10802,en
10803,en
10804,en
10805,en
10806,es
10807,en
10808,es
10809,pt
10810,es
10811,in
10812,en
10813,cs
10814,pt
10815,en
10816,en
10817,en
10818,en
10819,es
10820,en
10821,en
10822,fr
10823,pt
10824,en
10825,en
10826,es
10827,en
10828,en
10829,en
10830,es
10831,en
10832,en
10833,en
10834,in
10835,en
10836,en
10837,es
10838,it
10839,en
10840,en
10841,en
10842,en
10843,es
10844,ko
10845,en
10846,en
10847,tr
10848,pt
10849,fr
10850,tl
10851,in
10852,es
10853,en
10854,en
10855,en
10856,tl
10857,es
10858,en
10859,ja
10860,ja
10861,en
10862,en
10863,en
10864,es
10865,en
10866,en
10867,es
10868,en
10869,tr
10870,en
10871,es
10872,en
10873,en
10874,en
10875,fr
10876,en
10877,und
10878,vi
10879,pl
10880,en
10881,en
10882,es
10883,en
10884,en
10885,en
10886,ca
10887,en
10888,en
10889,en
10890,en
10891,en
10892,ca
10893,en
10894,en
10895,en
10896,fr
10897,en
10898,ja
10899,en
10900,en
10901,en
10902,en
10903,en
10904,es
10905,en
10906,ja
10907,en
10908,en
10909,en
10910,pt
10911,en
10912,en
10913,pt
10914,pt
10915,en
10916,es
10917,en
10918,es
10919,es
10920,en
10921,tl
10922,en
10923,en
10924,en
10925,en
10926,nl
10927,en
10928,es
10929,en
10930,it
10931,en
10932,en
10933,es
10934,en
10935,es
10936,pt
10937,es
10938,es
10939,en
10940,en
10941,en
10942,ko
10943,en
10944,in
10945,fr
10946,tr
10947,es
10948,en
10949,in
10950,fr
10951,en
10952,en
10953,en
10954,und
10955,tr
10956,ca
10957,en
10958,en
10959,en
10960,en
10961,es
10962,en
10963,en
10964,en
10965,en
10966,en
10967,en
10968,en
10969,en
10970,en
10971,in
10972,es
10973,en
10974,fr
10975,en
10976,es
10977,en
10978,tr
10979,in
10980,en
10981,es
10982,en
10983,en
10984,und
10985,th
10986,en
10987,vi
10988,en
10989,fr
10990,ja
10991,en
10992,fr
10993,pt
10994,es
10995,en
10996,en
10997,en
10998,en
10999,en
11000,en
11001,en
11002,pt
11003,es
11004,en
11005,en
11006,en
11007,en
11008,en
11009,es
11010,es
11011,en
11012,en
11013,in
11014,en
11015,en
11016,und
11017,en
11018,en
11019,en
11020,en
11021,it
11022,en
11023,pl
11024,ja
11025,tr
11026,und
11027,en
11028,pt
11029,en
11030,en
11031,en
11032,en
11033,en
11034,en
11035,en
11036,es
11037,en
11038,es
11039,tl
11040,en
11041,en
11042,en
11043,es
11044,en
11045,en
11046,en
11047,en
11048,es
11049,en
11050,in
11051,es
11052,ja
11053,en
11054,en
11055,en
11056,es
11057,fr
11058,tr
11059,en
11060,en
11061,en
11062,en
11063,es
11064,en
11065,tr
11066,fr
11067,vi
11068,tr
11069,en
11070,en
11071,fr
11072,no
11073,en
11074,en
11075,in
11076,es
11077,en
11078,en
11079,en
11080,en
11081,it
11082,en
11083,en
11084,en
11085,en
11086,tr
11087,und
11088,tr
11089,th
11090,fr
11091,en
11092,en
11093,en
11094,tr
11095,en
11096,en
11097,ko
11098,en
11099,en
11100,it
11101,en
11102,ja
11103,pt
11104,in
11105,es
11106,pl
11107,en
11108,en
11109,en
11110,en
11111,es
11112,ko
11113,it
11114,fr
11115,en
11116,en
11117,pt
11118,en
11119,pt
11120,ja
11121,en
11122,en
11123,en
11124,en
11125,en
11126,tr
11127,en
11128,es
11129,en
11130,en
11131,en
11132,ja
11133,en
11134,en
11135,en
11136,en
11137,pt
11138,en
11139,en
11140,en
11141,en
11142,en
11143,en
11144,en
11145,en
11146,en
11147,ca
11148,en
11149,en
11150,ja
11151,en
11152,ja
11153,pt
11154,es
11155,tr
11156,en
11157,ja
11158,pt
11159,en
11160,en
11161,en
11162,en
11163,en
11164,en
11165,en
11166,en
11167,en
11168,en
11169,en
11170,tl
11171,en
11172,en
11173,en
11174,es
11175,es
11176,en
11177,fr
11178,en
11179,nl
11180,en
11181,tr
11182,pt
11183,pt
11184,en
11185,en
11186,pt
11187,en
11188,ja
11189,en
11190,en
11191,fa
11192,pt
11193,en
11194,fr
11195,en
11196,en
11197,en
11198,en
11199,pt
11200,en
11201,en
11202,en
11203,pt
11204,en
11205,en
11206,fr
11207,el
11208,es
11209,en
11210,en
11211,en
11212,en
11213,en
11214,en
11215,pt
11216,en
11217,es
11218,en
11219,en
11220,de
11221,pt
11222,en
11223,es
11224,es
11225,es
11226,pl
11227,fr
11228,en
11229,en
11230,en
11231,en
11232,en
11233,en
11234,fr
11235,en
11236,es
11237,tr
11238,fr
11239,tl
11240,es
11241,es
11242,en
11243,en
11244,en
11245,fr
11246,es
11247,pt
11248,en
11249,en
11250,en
11251,en
11252,en
11253,ja
11254,ar
11255,en
11256,es
11257,en
11258,en
11259,es
11260,en
11261,en
11262,en
11263,es
11264,en
11265,pt
11266,pt
11267,en
11268,en
11269,en
11270,tr
11271,pt
11272,fr
11273,en
11274,en
11275,en
11276,tr
11277,en
11278,en
11279,en
11280,en
11281,pt
11282,en
11283,en
11284,es
11285,es
11286,en
11287,en
11288,tr
11289,en
11290,en
11291,en
11292,en
11293,es
11294,en
11295,en
11296,it
11297,th
11298,en
11299,pt
11300,en
11301,und
11302,en
11303,pt
11304,en
11305,en
11306,pt
11307,ja
11308,en
11309,vi
11310,en
11311,es
11312,en
11313,es
11314,en
11315,in
11316,en
11317,en
11318,pt
11319,en
11320,en
11321,en
11322,es
11323,ja
11324,pt
11325,es
11326,en
11327,en
11328,fr
11329,en
11330,en
11331,ko
11332,pt
11333,en
11334,en
11335,es
11336,es
11337,en
11338,en
11339,en
11340,es
11341,en
11342,en
11343,tr
11344,en
11345,en
11346,und
11347,es
11348,en
11349,en
11350,en
11351,en
11352,en
11353,tr
11354,fr
11355,en
11356,und
11357,en
11358,en
11359,en
11360,en
11361,es
11362,und
11363,tr
11364,es
11365,en
11366,en
11367,tl
11368,en
11369,en
11370,en
11371,en
11372,en
11373,in
11374,en
11375,en
11376,en
11377,en
11378,in
11379,en
11380,es
11381,en
11382,es
11383,en
11384,it
11385,pt
11386,tr
11387,en
11388,it
11389,en
11390,en
11391,en
11392,en
11393,en
11394,en
11395,en
11396,en
11397,in
11398,tr
11399,pl
11400,it
11401,en
11402,es
11403,en
11404,en
11405,und
11406,en
11407,fr
11408,it
11409,es
11410,en
11411,en
11412,en
11413,tr
11414,en
11415,en
11416,en
11417,fr
11418,es
11419,en
11420,en
11421,fr
11422,en
11423,en
11424,en
11425,en
11426,en
11427,vi
11428,pl
11429,en
11430,en
11431,und
11432,en
11433,es
11434,es
11435,pt
11436,it
11437,en
11438,es
11439,en
11440,en
11441,en
11442,cs
11443,en
11444,es
11445,es
11446,es
11447,en
11448,en
11449,en
11450,en
11451,ko
11452,vi
11453,pt
11454,en
11455,en
11456,pt
11457,fr
11458,en
11459,en
11460,en
11461,en
11462,en
11463,en
11464,pt
11465,en
11466,fr
11467,pl
11468,en
11469,pt
11470,en
11471,en
11472,en
11473,tr
11474,en
11475,en
11476,en
11477,en
11478,en
11479,it
11480,fr
11481,en
11482,en
11483,en
11484,en
11485,es
11486,en
11487,fr
11488,en
11489,en
11490,en
11491,en
11492,en
11493,es
11494,pt
11495,en
11496,en
11497,en
11498,it
11499,en
11500,en
11501,pt
11502,fr
11503,es
11504,en
11505,en
11506,en
11507,en
11508,en
11509,pt
11510,en
11511,en
11512,en
11513,en
11514,en
11515,en
11516,en
11517,en
11518,it
11519,en
11520,es
11521,es
11522,en
11523,es
11524,es
11525,es
11526,en
11527,fr
11528,en
11529,pt
11530,en
11531,fr
11532,tr
11533,pl
11534,es
11535,en
11536,en
11537,ja
11538,en
11539,en
11540,en
11541,tr
11542,pt
11543,en
11544,en
11545,en
11546,en
11547,tr
11548,en
11549,en
11550,en
11551,en
11552,en
11553,ja
11554,en
11555,en
11556,en
11557,en
11558,es
11559,en
11560,en
11561,es
11562,en
11563,en
11564,tr
11565,en
11566,en
11567,und
11568,en
11569,en
11570,en
11571,en
11572,es
11573,es
11574,en
11575,en
11576,en
11577,en
11578,pl
11579,en
11580,en
11581,pt
11582,und
11583,en
11584,en
11585,en
11586,pl
11587,en
11588,und
11589,en
11590,vi
11591,tr
11592,en
11593,en
11594,fr
11595,en
11596,pt
11597,en
11598,pt
11599,en
11600,en
11601,en
11602,pt
11603,tr
11604,tr
11605,fr
11606,en
11607,en
11608,en
11609,en
11610,tr
11611,vi
11612,en
11613,en
11614,en
11615,en
11616,es
11617,en
11618,en
11619,tr
11620,en
11621,en
11622,en
11623,en
11624,en
11625,es
11626,en
11627,en
11628,es
11629,en
11630,ko
11631,en
11632,en
11633,en
11634,pt
11635,en
11636,en
11637,en
11638,en
11639,en
11640,en
11641,fr
11642,en
11643,und
11644,es
11645,en
11646,tr
11647,es
11648,es
11649,en
11650,tr
11651,en
11652,en
11653,en
11654,en
11655,tr
11656,tr
11657,en
11658,tr
11659,es
11660,pt
11661,pt
11662,en
11663,en
11664,en
11665,es
11666,en
11667,es
11668,en
11669,en
11670,pl
11671,en
11672,en
11673,en
11674,it
11675,fr
11676,in
11677,en
11678,tl
11679,es
11680,en
11681,es
11682,en
11683,pt
11684,ja
11685,en
11686,it
11687,en
11688,en
11689,en
11690,en
11691,es
11692,es
11693,en
11694,en
11695,en
11696,ja
11697,en
11698,en
11699,en
11700,en
11701,en
11702,en
11703,en
11704,en
11705,en
11706,en
11707,en
11708,tr
11709,tr
11710,en
11711,pt
11712,tr
11713,es
11714,en
11715,und
11716,es
11717,ja
11718,en
11719,en
11720,en
11721,en
11722,fr
11723,es
11724,en
11725,en
11726,it
11727,en
11728,fr
11729,en
11730,pt
11731,en
11732,pt
11733,en
11734,en
11735,en
11736,in
11737,ca
11738,pl
11739,es
11740,en
11741,tr
11742,en
11743,tr
11744,es
11745,en
11746,it
11747,pl
11748,en
11749,en
11750,es
11751,en
11752,tr
11753,pt
11754,en
11755,tr
11756,en
11757,pt
11758,en
11759,und
11760,en
11761,en
11762,en
11763,en
11764,en
11765,fr
11766,pt
11767,en
11768,en
11769,en
11770,es
11771,en
11772,en
11773,en
11774,en
11775,en
11776,en
11777,pt
11778,en
11779,en
11780,en
11781,en
11782,en
11783,it
11784,en
11785,en
11786,tr
11787,en
11788,en
11789,ja
11790,es
11791,en
11792,it
11793,in
11794,en
11795,en
11796,en
11797,en
11798,pt
11799,en
11800,pt
11801,pt
11802,th
11803,en
11804,es
11805,en
11806,fr
11807,en
11808,fr
11809,el
11810,en
11811,es
11812,en
11813,en
11814,en
11815,en
11816,es
11817,en
11818,en
11819,pt
11820,en
11821,en
11822,en
11823,en
11824,pl
11825,en
11826,en
11827,pt
11828,en
11829,en
11830,sl
11831,ja
11832,tr
11833,fr
11834,fr
11835,en
11836,es
11837,in
11838,pt
11839,en
11840,en
11841,en
11842,en
11843,en
11844,en
11845,en
11846,es
11847,en
11848,en
11849,en
11850,es
11851,en
11852,es
11853,tr
11854,ru
11855,en
11856,en
11857,pt
11858,en
11859,en
11860,en
11861,en
11862,fr
11863,en
11864,en
11865,fr
11866,en
11867,en
11868,tr
11869,pt
11870,fr
11871,es
11872,pt
11873,en
11874,es
11875,en
11876,es
11877,ja
11878,en
11879,en
11880,es
11881,pt
11882,en
11883,en
11884,en
11885,es
11886,es
11887,es
11888,pt
11889,en
11890,en
11891,es
11892,ja
11893,fr
11894,en
11895,en
11896,es
11897,en
11898,pt
11899,tr
11900,en
11901,en
11902,en
11903,en
11904,en
11905,en
11906,en
11907,en
11908,en
11909,tr
11910,en
11911,en
11912,es
11913,en
11914,en
11915,pt
11916,fr
11917,en
11918,pt
11919,en
11920,fr
11921,en
11922,en
11923,en
11924,fr
11925,hu
11926,en
11927,en
11928,en
11929,es
11930,es
11931,pl
11932,en
11933,en
11934,en
11935,ja
11936,pt
11937,en
11938,und
11939,en
11940,en
11941,tr
11942,en
11943,tr
11944,es
11945,en
11946,en
11947,en
11948,ko
11949,en
11950,en
11951,en
11952,en
11953,en
11954,en
11955,pt
11956,en
11957,en
11958,en
11959,en
11960,en
11961,en
11962,en
11963,en
11964,es
11965,en
11966,fr
11967,en
11968,en
11969,en
11970,es
11971,und
11972,ca
